-- phpMyAdmin SQL Dump
-- version 5.0.2
-- https://www.phpmyadmin.net/
--
-- Host: db
-- Generation Time: Aug 18, 2023 at 07:45 AM
-- Server version: 10.5.8-MariaDB-1:10.5.8+maria~focal
-- PHP Version: 7.4.11

SET SQL_MODE = "NO_AUTO_VALUE_ON_ZERO";
START TRANSACTION;
SET time_zone = "+00:00";


/*!40101 SET @OLD_CHARACTER_SET_CLIENT=@@CHARACTER_SET_CLIENT */;
/*!40101 SET @OLD_CHARACTER_SET_RESULTS=@@CHARACTER_SET_RESULTS */;
/*!40101 SET @OLD_COLLATION_CONNECTION=@@COLLATION_CONNECTION */;
/*!40101 SET NAMES utf8mb4 */;

--
-- Database: `wordpress`
--

--
-- Dumping data for table `wp_stnc_building_ext_categories`
--

INSERT INTO `wp_stnc_building_ext_categories` (`id`, `name`, `status`) VALUES
(1, 'Yazılım', 1),
(2, 'Bilgisayar ve Bilişim Teknolojileri', 1),
(3, 'Enerji', 1),
(4, 'Savunma Sanayi', 1),
(5, 'Tasarım', 1),
(6, 'Elektronik', 1),
(7, 'Makine ve Teçhizat İmalatı', 1),
(8, 'Medikal', 1),
(9, 'Sağlık', 1),
(10, 'Denizcilik', 1),
(11, 'Gıda Sanayi', 1),
(12, 'Bankacılık ve Finans', 1),
(13, 'İnşaat', 1),
(14, 'İklimlendirme', 1),
(15, 'İmalat Sanayi', 1),
(16, 'Diğer', 1);

--
-- Dumping data for table `wp_stnc_map_building`
--

INSERT INTO `wp_stnc_map_building` (`id`, `name`, `short_name`, `text_color`, `color`, `global_capacity`, `total_office`, `created_at`, `updated_at`) VALUES
(1, 'TEKNO-1', '1', '#4A3EA5', '#7066D1', 0, 0, NULL, NULL),
(2, 'TEKNO-2', '2', '#0574af', '#1895d4', 0, 0, NULL, NULL),
(3, 'TEKNO-3', '3', '#10a5d4', '#3ed0ff', 0, 0, NULL, NULL),
(4, 'TEKNO-4', '4', '#19d683', '#33f090', 0, 0, NULL, NULL),
(5, 'TEKNO-5', '5', '#fb9a0e', '#ffc21f', 0, 0, NULL, NULL);

--
-- Dumping data for table `wp_stnc_map_floors`
--

INSERT INTO `wp_stnc_map_floors` (`id`, `name`, `building_id`, `type`, `full_office`, `empty_office`, `full_area`, `empty_area`, `total_area`, `scheme`, `scheme_media_id`, `created_at`, `updated_at`, `class`) VALUES
(1, 'Bodrum Kat', 1, 0, 0, 0, '471.56', '67.49', '539.05', 't1-bodrum.jpg', 9841, NULL, '2018-10-23 06:15:13', '1'),
(2, 'ZEMİN KAT', 1, 0, 0, 0, '399.18', '0.00', '399.18', 't1-zemin.jpg', 884, NULL, '2018-10-23 06:31:41', '2'),
(4, '1. Kat', 1, 0, 0, 0, '492.50', '0.00', '492.50', 't1-k1.jpg', 9843, NULL, '2018-10-23 06:39:47', '3'),
(5, '2.KAT', 1, 0, 0, 0, '487.69', '0.00', '487.69', 't1-k2.jpg', 9844, NULL, '2018-10-23 06:48:10', '4'),
(6, '3.KAT', 1, 0, 0, 0, '492.50', '0.00', '492.50', 't1-k3.jpg', 9845, NULL, '2018-10-23 07:06:33', '5'),
(8, '4.KAT', 1, 0, 0, 0, '491.50', '0.00', '491.50', 't1-k4.jpg', 884, NULL, '2018-10-23 07:28:12', '6'),
(9, 'ZEMİN KAT', 2, 0, 0, 0, '672.42', '0.00', '672.42', 't2-zemin.jpg', 9847, NULL, '2018-10-23 07:46:35', '2'),
(10, '1.KAT', 2, 0, 0, 0, '719.38', '0.00', '719.38', 't2-k1.jpg', 9848, NULL, '2018-08-30 06:52:13', '3'),
(11, 'BODRUM KAT', 3, 0, 0, 0, '961.07', '36.06', '997.13', 't3-bodrum.jpg', 9851, NULL, '2018-10-23 08:00:02', '1'),
(12, 'ZEMİN KAT', 3, 0, 0, 0, '878.36', '0.00', '878.36', 't3-zemin.jpg', 9849, NULL, '2018-08-30 07:12:22', '2'),
(13, '1.KAT', 3, 0, 0, 0, '1554.37', '0.00', '1554.37', 't3-k1.jpg', 9850, NULL, '2018-10-23 08:35:07', '3'),
(14, '2.KAT', 3, 0, 0, 0, '376.49', '0.00', '376.49', 't3-k2.jpg', 9852, NULL, '2018-08-30 07:26:52', '4'),
(15, '3.KAT', 3, 0, 0, 0, '366.97', '0.00', '366.97', 't3-kat3.jpg', 9853, NULL, '2018-08-30 07:33:36', '5'),
(16, 'BODRUM KAT', 4, 0, 0, 0, '890.68', '115.07', '1005.75', 't4-bodrum.jpg', 9854, NULL, '2018-08-30 07:39:23', '1'),
(17, 'ZEMİN KAT', 4, 0, 0, 0, '836.93', '25.69', '868.62', 't4-zemin.jpg', 9855, NULL, '2018-10-23 08:06:27', '2'),
(18, '1.KAT', 4, 0, 0, 0, '803.43', '80.67', '884.10', 't4-kat1.jpg', 9856, NULL, '2018-10-23 08:18:50', '3'),
(19, '2.KAT', 4, 0, 0, 0, '541.24', '0.00', '541.24', 't4-k2.jpg', 884, NULL, '2018-10-23 08:04:16', '4'),
(20, '3.KAT', 4, 0, 0, 0, '547.21', '0.00', '547.21', 't4-ka3.jpg', 9858, NULL, '2018-08-30 08:48:50', '5'),
(21, 'BODRUM KAT', 5, 0, 0, 0, '1034.46', '0.00', '1034.46', 't5-bodrum.jpg', 9859, NULL, '2018-10-23 08:37:10', '1'),
(22, 'ZEMIN KAT', 5, 0, 0, 0, '1224.87', '0.00', '1224.87', 't5-zemin.jpg', 9860, NULL, '2018-08-30 09:40:07', '2'),
(23, '1.KAT', 5, 0, 0, 0, '1253.57', '0.00', '1253.57', 't5-k1.jpg', 9861, NULL, '2018-08-30 09:54:01', '3'),
(24, '2.KAT', 5, 0, 0, 0, '1125.55', '0.00', '1125.55', 't5-k2.jpg', 9862, NULL, '2018-08-30 18:01:45', '4'),
(25, '3.KAT', 5, 0, 0, 0, '175.73', '17.32', '193.05', 't5-k3.jpg', 9863, NULL, '2018-08-30 18:12:43', '5');

--
-- Dumping data for table `wp_stnc_map_floors_locations`
--

INSERT INTO `wp_stnc_map_floors_locations` (`id`, `building_id`, `floor_id`, `company_category_id`, `door_number`, `company_name`, `square_meters`, `email`, `phone`, `mobile_phone`, `web_site`, `map_location`, `company_description`, `address`, `media_id`, `add_date`, `web_permission`, `is_empty`, `is_show`) VALUES
(5, 1, 2, 3, 11, 'ABİS TEKNOLOJİ', '52.45', 'info@abisteknoloji.com.tr', '+90 (352) 380 00 11', '+90 (352) 380 00 10', 'https://www.abisteknoloji.com.tr/', '{\\\"left\\\":839,\\\"top\\\":561.60003662109,\\\"width\\\":188.70001220703125,\\\"height\\\":30,\\\"x\\\":839,\\\"y\\\":561.60003662109,\\\"right\\\":1027.7000122070312,\\\"bottom\\\":591.60003662109}', 'ABİS TEKNOLOJİ LTD.ŞTİ.', 'Erciyes Üniversitesi Teknoloji Geliştirme Bölgesi Tekno-1 Binası Giriş Kat No:11, KAYSERİ', 8890, '2023-08-17 09:15:10', '', 0, 0),
(14, 1, 2, 0, 18, '', '21.93', '', '', '', '', '{\\\"left\\\":74,\\\"top\\\":475.60003662109375,\\\"width\\\":192.171875,\\\"height\\\":30,\\\"x\\\":74,\\\"y\\\":475.60003662109375,\\\"right\\\":266.171875,\\\"bottom\\\":505.60003662109375}', '', 'E.Ü.TGB İdare ve Kuluçka, Yıldırım Beyazıt Mah. Aşık Veysel Bulv, 1. Ap No:61/18, 38140 Melikgazi/Kayseri', 0, '0000-00-00 00:00:00', '[{\\\"door_number_permission\\\":false,\\\"square_meters_permission\\\":false,\\\"email_permission\\\":false,\\\"phone_permission\\\":false,\\\"mobile_phone_permission\\\":false,\\\"web_site_permission\\\":false,\\\"company_description_permission\\\":false,\\\"address_permission\\\":false}]', 1, 0),
(15, 1, 2, 1, 11, 'ABİS TEKNOLOJİ', '', 'info@abisteknoloji.com.tr', '+90 (352) 380 00 11', '+90 (352) 380 00 10', 'https://www.abisteknoloji.com.tr/', '{\\\"left\\\":850,\\\"top\\\":295.6000061035156,\\\"width\\\":188.6999969482422,\\\"height\\\":30,\\\"x\\\":850,\\\"y\\\":295.6000061035156,\\\"right\\\":1038.6999969482422,\\\"bottom\\\":325.6000061035156}', 'ABİS TEKNOLOJİ LTD.ŞTİ.', 'Erciyes Üniversitesi Teknoloji Geliştirme Bölgesi Tekno-1 Binası Giriş Kat No:11, KAYSERİ', 8890, '2023-08-17 12:02:53', '', 0, 1),
(16, 1, 2, 0, 0, '', '', '', '', '', '', '{\\\"left\\\":541.5,\\\"top\\\":509.59375,\\\"width\\\":142.5,\\\"height\\\":30,\\\"x\\\":541.5,\\\"y\\\":509.59375,\\\"right\\\":684,\\\"bottom\\\":539.59375}', '', '', 0, '0000-00-00 00:00:00', '[{\\\"door_number_permission\\\":false,\\\"square_meters_permission\\\":false,\\\"email_permission\\\":false,\\\"phone_permission\\\":false,\\\"mobile_phone_permission\\\":false,\\\"web_site_permission\\\":false,\\\"company_description_permission\\\":false,\\\"address_permission\\\":false}]', 1, 1),
(17, 1, 2, 1, 61, 'MSG TEKNOLOJİ', '', 'info@msgteknoloji.com', '0352 5035404', '', 'https://msgteknoloji.com', '{\\\"left\\\":294.0833282470703,\\\"top\\\":722.59375,\\\"width\\\":188.9166717529297,\\\"height\\\":30,\\\"x\\\":294.0833282470703,\\\"y\\\":722.59375,\\\"right\\\":483,\\\"bottom\\\":752.59375}', 'MSG TEKNOLOJİ', 'Yıldırım Beyazıt Mah. Aşık Veysel Blv. ERÜ TGB İdare ve Kuluçka-1 Binası No:61/20 3039 Melikgazi/KAYSERİ', 8878, '2023-08-17 12:02:44', '', 0, 1),
(18, 1, 2, 0, 61, '', '', '', '', '', '', '{\\\"left\\\":461.96665954589844,\\\"top\\\":759.59375,\\\"width\\\":188.03334045410156,\\\"height\\\":30,\\\"x\\\":461.96665954589844,\\\"y\\\":759.59375,\\\"right\\\":650,\\\"bottom\\\":789.59375}', '', 'Yeni Mh, Erciyes Teknopark-1Melikgazi, Aşık Veysel Blv. No:61/19, 38010 Melikgazi/Kayseri', 0, '0000-00-00 00:00:00', '[{\\\"door_number_permission\\\":false,\\\"square_meters_permission\\\":false,\\\"email_permission\\\":false,\\\"phone_permission\\\":false,\\\"mobile_phone_permission\\\":false,\\\"web_site_permission\\\":false,\\\"company_description_permission\\\":false,\\\"address_permission\\\":false}]', 1, 1),
(19, 1, 2, 0, 17, 'ZİRVE BİLİŞİM', '', 'info@zirvebilisim.com.tr', '0352 221 25 10', '', '', '{\\\"left\\\":84,\\\"top\\\":740.59375,\\\"width\\\":120.765625,\\\"height\\\":30,\\\"x\\\":84,\\\"y\\\":740.59375,\\\"right\\\":204.765625,\\\"bottom\\\":770.59375}', 'ZİRVE BİLİŞİM BİLGİSAYAR MÜHENDİSLİK SANAYİ TİCARET LİMİTED ŞİRKETİ', 'Yıldırım Beyazıt Mah. Aşık Veysel Bulvarı Erciyes Üniversitesi Teknopark Bölgesi 1.bina no:61/17 Melikgazi/Kayseri', 8869, '2022-03-25 09:01:09', '[{\\\"door_number_permission\\\":false,\\\"square_meters_permission\\\":false,\\\"email_permission\\\":false,\\\"phone_permission\\\":false,\\\"mobile_phone_permission\\\":false,\\\"web_site_permission\\\":false,\\\"company_description_permission\\\":false,\\\"address_permission\\\":false}]', 0, 1),
(20, 1, 2, 0, 21, 'T5 BİLGİ SİSTEMLERİ', '', '', '', '05336528440', 'https://www.t5-systems.com/', '{\\\"left\\\":402,\\\"top\\\":313.59375,\\\"width\\\":215.1999969482422,\\\"height\\\":30,\\\"x\\\":402,\\\"y\\\":313.59375,\\\"right\\\":617.1999969482422,\\\"bottom\\\":343.59375}', 'ONUR FENAR-T5 BİLGİ SİSTEMLERİ', 'T5 Bilgi Sistemleri - Yenimahalle Aşıkveysel Bulvarı Erciyesi Üniversitesi Teknoloji Geliştirme Bölgesi / İdare Binası ve Kuluçka Merkezi - 1.Binası Dış Kapı No 61 İç Kapı No 21 38039 Melikgazi KAYSERİ / TURKEY', 8884, '2022-03-25 09:03:26', '[{\\\"door_number_permission\\\":false,\\\"square_meters_permission\\\":false,\\\"email_permission\\\":false,\\\"phone_permission\\\":false,\\\"mobile_phone_permission\\\":false,\\\"web_site_permission\\\":false,\\\"company_description_permission\\\":false,\\\"address_permission\\\":false}]', 0, 1),
(21, 1, 2, 0, 21, '', '', '', '', '', '', '{\\\"left\\\":402,\\\"top\\\":236.59375,\\\"width\\\":215.1999969482422,\\\"height\\\":30,\\\"x\\\":402,\\\"y\\\":236.59375,\\\"right\\\":617.1999969482422,\\\"bottom\\\":266.59375}', '', 'T5 Bilgi Sistemleri - Yenimahalle Aşıkveysel Bulvarı Erciyesi Üniversitesi Teknoloji Geliştirme Bölgesi / İdare Binası ve Kuluçka Merkezi - 1.Binası Dış Kapı No 61 İç Kapı No 21 38039 Melikgazi KAYSERİ / TURKEY', 0, '0000-00-00 00:00:00', '[{\\\"door_number_permission\\\":false,\\\"square_meters_permission\\\":false,\\\"email_permission\\\":false,\\\"phone_permission\\\":false,\\\"mobile_phone_permission\\\":false,\\\"web_site_permission\\\":false,\\\"company_description_permission\\\":false,\\\"address_permission\\\":false}]', 1, 1),
(22, 1, 1, 0, 7, 'ELZ TEKNOLOJİ', '78.97', 'info@elzteknoloji.com', '0352 224 47 77', '', 'https://www.elzteknoloji.com/', '{\\\"left\\\":116,\\\"top\\\":816.59375,\\\"width\\\":130.28125,\\\"height\\\":30,\\\"x\\\":116,\\\"y\\\":816.59375,\\\"right\\\":246.28125,\\\"bottom\\\":846.59375}', 'ELZ TEKNOLOJİ BİLGİSAYAR ELEKTRONİK ELEKTRİK MAKİNA İTHALAT İHRACAT SANAYİ VE TİCARET LİMİTED ŞİRKETİ', 'Yıldırmbeyazit Mah. Aşık Veysel Bulv. Erciyes Üniversitesi Teknoloji Geliştirme Bölgesi İdari Binası 1 Blok No : 61/7 Melikgazi/Kayseri', 8851, '2022-03-25 03:37:12', '[{\\\"door_number_permission\\\":false,\\\"square_meters_permission\\\":false,\\\"email_permission\\\":false,\\\"phone_permission\\\":false,\\\"mobile_phone_permission\\\":false,\\\"web_site_permission\\\":false,\\\"company_description_permission\\\":false,\\\"address_permission\\\":false}]', 0, 1),
(23, 1, 1, 0, 4, 'MCC YAZILIM MEDYA İNTERNET VE SİBER İLETİŞİM', '33.06', '', '', '(532) 468-72-49', '', '{\\\"left\\\":558.171875,\\\"top\\\":786.59997558594,\\\"width\\\":443.609375,\\\"height\\\":30,\\\"x\\\":558.171875,\\\"y\\\":786.59997558594,\\\"right\\\":1001.78125,\\\"bottom\\\":816.59997558594}', 'MCC YAZILIM MEDYA İNTERNET VE SİBER İLETİŞİM', 'TEKNO PARK 1 NO 4', 9285, '2022-03-25 10:18:21', '[{\\\"door_number_permission\\\":false,\\\"square_meters_permission\\\":false,\\\"email_permission\\\":false,\\\"phone_permission\\\":false,\\\"mobile_phone_permission\\\":false,\\\"web_site_permission\\\":false,\\\"company_description_permission\\\":false,\\\"address_permission\\\":false}]', 0, 1),
(24, 1, 1, 2, 2, 'TEKNOCC ARGE', '28.92', 'info@techno-cc.com', '', '05533790785', '', '{\\\"left\\\":790,\\\"top\\\":923.59375,\\\"width\\\":132.390625,\\\"height\\\":30,\\\"x\\\":790,\\\"y\\\":923.59375,\\\"right\\\":922.390625,\\\"bottom\\\":953.59375}', 'TEKNOCC ARGE İNOVASYON LİMİTED ŞİRKETİ', 'Yıldırım Beyazıt Mah. Aşık Veysel Blv. ERÜ TGB İdare ve Kuluçka-1 Binası No:61/2 3039 Melikgazi/KAYSERİ', 9710, '2023-08-17 01:18:28', '', 0, 1),
(25, 1, 1, 0, 10, 'USEM ARGE', '33.28', 'info@usemarge.com', '', '0543 352 8736', '', '{\\\"left\\\":557,\\\"top\\\":280.59375,\\\"width\\\":158.203125,\\\"height\\\":30,\\\"x\\\":557,\\\"y\\\":280.59375,\\\"right\\\":715.203125,\\\"bottom\\\":310.59375}', 'USEM ARGE VE DANIŞMANLIK SANAYİ VE TİCARET LİMİTED ŞİRKETİ', 'Erciyes Üniversitesi Teknoloji Geliştirme Bölgesi 1.Bina No:10 Melikgazi KAYSERİ', 8865, '2022-03-25 10:17:21', '[{\\\"door_number_permission\\\":false,\\\"square_meters_permission\\\":false,\\\"email_permission\\\":false,\\\"phone_permission\\\":false,\\\"mobile_phone_permission\\\":false,\\\"web_site_permission\\\":false,\\\"company_description_permission\\\":false,\\\"address_permission\\\":false}]', 0, 1),
(26, 1, 1, 16, 22, 'TEKNOBAHÇE', '', '', '', '', '', '{\\\"left\\\":154,\\\"top\\\":286.59375,\\\"width\\\":164.0833282470703,\\\"height\\\":30,\\\"x\\\":154,\\\"y\\\":286.59375,\\\"right\\\":318.0833282470703,\\\"bottom\\\":316.59375}', 'TEKNOBAHÇE', '', 9285, '2022-06-23 05:47:15', '[{\\\"door_number_permission\\\":false,\\\"square_meters_permission\\\":false,\\\"email_permission\\\":false,\\\"phone_permission\\\":false,\\\"mobile_phone_permission\\\":false,\\\"web_site_permission\\\":false,\\\"company_description_permission\\\":false,\\\"address_permission\\\":false}]', 0, 1),
(27, 1, 1, 1, 3, 'KENT MEDIA İNTERNET HİZMETLERİ', '45.47', 'bilgi@kentmedia.com.tr', '0216 706 60 88', '', '', '{\\\"left\\\":669,\\\"top\\\":721.59997558594,\\\"width\\\":289.421875,\\\"height\\\":30,\\\"x\\\":669,\\\"y\\\":721.59997558594,\\\"right\\\":958.421875,\\\"bottom\\\":751.59997558594}', 'KENT MEDIA İNTERNET HİZMETLERİ BASIN YAYIN VE REKLAMCILIK', 'Erciyes Üniversitesi Teknoloji Geliştirme Bölgesi Teknopark1 No: 3 Melikgazi / Kayseri', 9712, '2023-08-17 08:44:00', '', 0, 0),
(28, 1, 4, 0, 31, 'ADTARGET TEKNOLOJİ', '75.28', 'info@adtarget.com.tr', '+90 850 939 94 08', '(542) 605-25-00', 'https://adtarget.com.tr/', '{\\\"left\\\":69,\\\"top\\\":808.59375,\\\"width\\\":185.109375,\\\"height\\\":30,\\\"x\\\":69,\\\"y\\\":808.59375,\\\"right\\\":254.109375,\\\"bottom\\\":838.59375}', 'ADTARGET TEKNOLOJİ ANONİM ŞİRKETİ', 'YILDIRIM BEYAZIT MAHALLESİ AŞIKVEYSEL BULVARI E.Ü.TGB İDARE VE KULUÇKA -1.BİNASI DIŞ KAPI NO:61 İÇ KAPI NO:31 MELİKGAZİ//KAYSERİ/TÜRKİYE 38039', 9713, '2022-03-25 03:32:23', '[{\\\"door_number_permission\\\":false,\\\"square_meters_permission\\\":false,\\\"email_permission\\\":false,\\\"phone_permission\\\":false,\\\"mobile_phone_permission\\\":false,\\\"web_site_permission\\\":false,\\\"company_description_permission\\\":false,\\\"address_permission\\\":false}]', 0, 1),
(29, 1, 4, 0, 64, 'EFEKTİF ENDÜSTRİYEL', '', 'web@efektifenerji.com.tr', '+90 (352) 321 27 27', '', 'http://www.efektifenerji.com.tr', '{\\\"left\\\":520,\\\"top\\\":264.59375,\\\"width\\\":181.78125,\\\"height\\\":30,\\\"x\\\":520,\\\"y\\\":264.59375,\\\"right\\\":701.78125,\\\"bottom\\\":294.59375}', 'EFEKTİF ENDÜSTRİYEL ENERJİ MÜHENDİSLİK DIŞ TİCARET EĞİTİM ETÜT PROJE UYGULAMA AR-GE YAZILIM VE DANIŞMANLIK HİZMETLERİ İNŞAAT TAAHHÜT TİCARET VE SANAYİ ANONİM ŞİRKETİ', 'ERCİYES ÜNİVERSİTESİ TEKNOLOJİ GELİŞTİRME BÖLGESİ İNKÜBATÖR MERKEZİ-1 NO:64', 9714, '2022-03-25 10:08:12', '[{\\\"door_number_permission\\\":false,\\\"square_meters_permission\\\":false,\\\"email_permission\\\":false,\\\"phone_permission\\\":false,\\\"mobile_phone_permission\\\":false,\\\"web_site_permission\\\":false,\\\"company_description_permission\\\":false,\\\"address_permission\\\":false}]', 0, 1),
(30, 1, 4, 0, 61, 'ERHAN ÇEMREK – ÇEMREK BİLGİ TEKNOLOJİLERİ', '', 'info@cemrek.com.tr', '0 352 222 79 29', '', 'https://www.cemrek.com.tr/', '{\\\"left\\\":749.734375,\\\"top\\\":132.59375,\\\"width\\\":382.265625,\\\"height\\\":30,\\\"x\\\":749.734375,\\\"y\\\":132.59375,\\\"right\\\":1132,\\\"bottom\\\":162.59375}', 'ERHAN ÇEMREK - ÇEMREK BİLGİ TEKNOLOJİLERİ MÜHENDİSLİK VE DANIŞMANLIK HİZMETLERİ', 'ıldırım Beyazıt Mah. Aşık Veysel Bulvarı E.Ü. TGB İdare ve Kuluçka 1.Bina No:61/68 Melikgazi / KAYSERİ', 8934, '2022-03-25 10:14:08', '[{\\\"door_number_permission\\\":false,\\\"square_meters_permission\\\":false,\\\"email_permission\\\":false,\\\"phone_permission\\\":false,\\\"mobile_phone_permission\\\":false,\\\"web_site_permission\\\":false,\\\"company_description_permission\\\":false,\\\"address_permission\\\":false}]', 0, 1),
(31, 1, 4, 0, 35, 'İNNOFOMA SİSTEM TASARIM', '28.16', 'info@innofoma.com', '', '+90 534 945 62 20', 'http://www.innofoma.com/', '{\\\"left\\\":307,\\\"top\\\":217.59375,\\\"width\\\":239.09375,\\\"height\\\":30,\\\"x\\\":307,\\\"y\\\":217.59375,\\\"right\\\":546.09375,\\\"bottom\\\":247.59375}', 'İNNOFOMA SİSTEM TASARIM ARGE MÜHENDİSLİK SANAYİ VE TİCARET LİMİTED ŞİRKETİ', 'Erciyes Üniversitesi Teknopark 1.Bina Ofis No : 35 MELİKGAZİ / Kayseri', 0, '2022-03-25 03:30:13', '[{\\\"door_number_permission\\\":false,\\\"square_meters_permission\\\":false,\\\"email_permission\\\":false,\\\"phone_permission\\\":false,\\\"mobile_phone_permission\\\":false,\\\"web_site_permission\\\":false,\\\"company_description_permission\\\":false,\\\"address_permission\\\":false}]', 0, 1),
(32, 1, 4, 0, 28, 'METATRON YAZILIM', '28.16', 'ridvanozcan91@gmail.com', '', '(534) 813-21-31', 'http://ridvanozcan.com.tr/', '{\\\"left\\\":505,\\\"top\\\":749.59375,\\\"width\\\":168.5,\\\"height\\\":30,\\\"x\\\":505,\\\"y\\\":749.59375,\\\"right\\\":673.5,\\\"bottom\\\":779.59375}', 'RIDVAN ÖZCAN-METATRON YAZILIM', 'YILDIRIM BEYAZIT MAHALLESİ AŞIKVEYSEL BULVARI E.Ü.TGB İDARE VE KULUÇKA -1.BİNASI DIŞ KAPI NO:61 İÇ KAPI NO:28 MELİKGAZİ//KAYSERİ/TÜRKİYE 38039', 0, '2022-03-25 03:31:58', '[{\\\"door_number_permission\\\":false,\\\"square_meters_permission\\\":false,\\\"email_permission\\\":false,\\\"phone_permission\\\":false,\\\"mobile_phone_permission\\\":false,\\\"web_site_permission\\\":false,\\\"company_description_permission\\\":false,\\\"address_permission\\\":false}]', 0, 1),
(33, 1, 4, 0, 33, 'TTE MÜHENDİSLİK', '25.75', 'bilgi@ttemuhendislik.com', '(352) 503-06-00', '', 'http://www.ttemuhendislik.com/', '{\\\"left\\\":79,\\\"top\\\":412.59375,\\\"width\\\":155.765625,\\\"height\\\":30,\\\"x\\\":79,\\\"y\\\":412.59375,\\\"right\\\":234.765625,\\\"bottom\\\":442.59375}', 'TTE MÜHENDİSLİK DANIŞMANLIK ARAŞTIRMA GELİŞTİRME YAZILIM İNŞAAT TAAHHÜT SANAYİ VE TİCARET LİMİTED ŞİRKETİ', 'Yeni Mah. Asikveysel Blv. Erciyes Üniversitesi Teknoloji Gelistirme Bölge Idare Binasi ve Kuluçka Merkezi 1. Bina No: 61/33', 8912, '2022-03-25 03:31:38', '[{\\\"door_number_permission\\\":false,\\\"square_meters_permission\\\":false,\\\"email_permission\\\":false,\\\"phone_permission\\\":false,\\\"mobile_phone_permission\\\":false,\\\"web_site_permission\\\":false,\\\"company_description_permission\\\":false,\\\"address_permission\\\":false}]', 0, 1),
(34, 1, 4, 0, 34, 'ARGE ENERJİ MÜHENDİSLİK', '28.16', 'info@argemy.com', '', '0 532 646 08 67', '', '{\\\"left\\\":293,\\\"top\\\":310.59375,\\\"width\\\":226.71875,\\\"height\\\":30,\\\"x\\\":293,\\\"y\\\":310.59375,\\\"right\\\":519.71875,\\\"bottom\\\":340.59375}', 'ARGE ENERJİ MÜHENDİSLİK YAZILIM', 'Erciyes Teknopark 1.Bina 1.Kat No:34 Melikgazi / KAYSERİ', 8921, '2022-03-25 03:30:33', '[{\\\"door_number_permission\\\":false,\\\"square_meters_permission\\\":false,\\\"email_permission\\\":false,\\\"phone_permission\\\":false,\\\"mobile_phone_permission\\\":false,\\\"web_site_permission\\\":false,\\\"company_description_permission\\\":false,\\\"address_permission\\\":false}]', 0, 1),
(35, 1, 4, 0, 2, 'ENVEST ENERJİ', '', 'satis@koru1000.com', '+90 352 224 01 82', '+90 444 51 29', 'https://www.koru1000.com/', '{\\\"left\\\":1002.203125,\\\"top\\\":167.59375,\\\"width\\\":129.796875,\\\"height\\\":30,\\\"x\\\":1002.203125,\\\"y\\\":167.59375,\\\"right\\\":1132,\\\"bottom\\\":197.59375}', 'ENVEST ENERJİ VE SU TEKNOLOJİLERİ SANAYİ TİCARET LİMİTED ŞİRKETİ TEKNOPARK ŞUBESİ', 'ALTINOLUK MAH FATİH SULTAN MEHMET BULVARI NO:72/2 MELİKGAZİ / KAYSERİ', 8895, '2022-03-25 10:25:57', '[{\\\"door_number_permission\\\":false,\\\"square_meters_permission\\\":false,\\\"email_permission\\\":false,\\\"phone_permission\\\":false,\\\"mobile_phone_permission\\\":false,\\\"web_site_permission\\\":false,\\\"company_description_permission\\\":false,\\\"address_permission\\\":false}]', 0, 1),
(36, 1, 4, 0, 17, 'GÜLSAN GIDA', '', 'info@gulsangida.com', '+90 352 321 10 23', '90 352 321 12 78', 'http://www.gulsangida.com', '{\\\"left\\\":1010.34375,\\\"top\\\":300.59375,\\\"width\\\":121.65625,\\\"height\\\":30,\\\"x\\\":1010.34375,\\\"y\\\":300.59375,\\\"right\\\":1132,\\\"bottom\\\":330.59375}', 'GÜLSAN GIDA SANAYİ TİCARET ANONİM ŞİRKETİ TEKNOPARK ŞUBESİ', 'Organize Sanayi Bölgesi 8. Cad No:17 Melikgazi/KAYSERİ', 8909, '2022-03-25 10:27:25', '[{\\\"door_number_permission\\\":false,\\\"square_meters_permission\\\":false,\\\"email_permission\\\":false,\\\"phone_permission\\\":false,\\\"mobile_phone_permission\\\":false,\\\"web_site_permission\\\":false,\\\"company_description_permission\\\":false,\\\"address_permission\\\":false}]', 0, 1),
(37, 1, 4, 0, 0, 'MAKER KAYSERİ', '', 'destek@makerkayseri.com', '', '(554) 929-94-23', 'http://www.makerkayseri.com', '{\\\"left\\\":994.6875,\\\"top\\\":204.59375,\\\"width\\\":137.3125,\\\"height\\\":30,\\\"x\\\":994.6875,\\\"y\\\":204.59375,\\\"right\\\":1132,\\\"bottom\\\":234.59375}', 'MAKER KAYSERİ', '', 0, '2022-03-25 10:28:36', '[{\\\"door_number_permission\\\":false,\\\"square_meters_permission\\\":false,\\\"email_permission\\\":false,\\\"phone_permission\\\":false,\\\"mobile_phone_permission\\\":false,\\\"web_site_permission\\\":false,\\\"company_description_permission\\\":false,\\\"address_permission\\\":false}]', 0, 1),
(38, 1, 4, 0, 36, 'SEFEROĞLU ELEKTRİK SANAYİ', '34.38', '', '352) 321-27-27', '', 'web@efektifenerji.com.tr', '{\\\"left\\\":526.984375,\\\"top\\\":206.59375,\\\"width\\\":239.015625,\\\"height\\\":30,\\\"x\\\":526.984375,\\\"y\\\":206.59375,\\\"right\\\":766,\\\"bottom\\\":236.59375}', 'SEFEROĞLU ELEKTRİK SANAYİ VE TİCARET ANONİM ŞİRKETİ', 'YILDIRIM BEYAZIT MAHALLESİ AŞIK VEYSEL BUL. E.Ü.TGB İDARE VE KULUÇKA MKZ-1. BİNASI DIŞ KAPI NO:61 İÇ KAPI NO:36 MELİKGAZİ//KAYSERİ/TÜRKİYE 38039', 0, '2022-03-25 03:30:58', '[{\\\"door_number_permission\\\":false,\\\"square_meters_permission\\\":false,\\\"email_permission\\\":false,\\\"phone_permission\\\":false,\\\"mobile_phone_permission\\\":false,\\\"web_site_permission\\\":false,\\\"company_description_permission\\\":false,\\\"address_permission\\\":false}]', 0, 1),
(39, 1, 4, 0, 71, 'YAPRAK YAZILIM', '', 'contact@yaprakyazilim.com', '(352) 224-40-70', '(352) 224-40-70', 'http://www.yaprakyazilim.com', '{\"left\":12,\"top\":112,\"width\":82.42500305175781,\"height\":30,\"x\":12,\"y\":112,\"right\":94.42500305175781,\"bottom\":142}', 'YAPRAK YAZILIM BİLİŞİM TEKNOLOJİLERİ SAN. VE TİC. LTD. ŞTİ.', 'Erciyes Üniv.T.G.B.İdare Binası Ve İnkübatör Merkez-1 No:1/71 Kayseri', 0, '2022-03-25 10:39:57', '[{\\\"door_number_permission\\\":false,\\\"square_meters_permission\\\":false,\\\"email_permission\\\":false,\\\"phone_permission\\\":false,\\\"mobile_phone_permission\\\":false,\\\"web_site_permission\\\":false,\\\"company_description_permission\\\":false,\\\"address_permission\\\":false}]', 0, 1),
(40, 1, 5, 0, 37, 'ARIGEN YAPAY ZEKA', '74.54', 'info@arigen.net', '0 (352) 504 70 38', '(535) 304-57-21', 'http://arigen.net/', '{\\\"left\\\":824,\\\"top\\\":248.59375,\\\"width\\\":170.40000915527344,\\\"height\\\":30,\\\"x\\\":824,\\\"y\\\":248.59375,\\\"right\\\":994.4000091552734,\\\"bottom\\\":278.59375}', 'ARIGEN YAPAY ZEKA VE YENİ NESİL TEKNOLOJİLERİ ANONİM ŞİRKETİ', 'ARIGEN Yapay Zeka ve Yeni Nesil Teknolojileri AS Yıldırım Beyazıt Mh. Aşık Veysel Blv. ERÜ Teknoloji Geliştirme İdare ve Kuluçka Merkezi Tekno-1 Binası No:61/37 Melikgazi/Kayseri', 8930, '2022-03-25 03:36:01', '[{\\\"door_number_permission\\\":false,\\\"square_meters_permission\\\":false,\\\"email_permission\\\":false,\\\"phone_permission\\\":false,\\\"mobile_phone_permission\\\":false,\\\"web_site_permission\\\":false,\\\"company_description_permission\\\":false,\\\"address_permission\\\":false}]', 0, 1),
(41, 1, 5, 0, 42, 'C5 YAZILIM', '56.32', 'mserbet@code5.com.tr', '(352) 224-81-25', '(505) 763-46-68', 'http://www.code5.com.tr', '{\\\"left\\\":524,\\\"top\\\":740.5999755859375,\\\"width\\\":100.88333129882812,\\\"height\\\":30,\\\"x\\\":524,\\\"y\\\":740.5999755859375,\\\"right\\\":624.8833312988281,\\\"bottom\\\":770.5999755859375}', 'MUSTAFA ÖZŞERBETÇİ - C5 YAZILIM', 'YENİ MAHALLE AŞIKVEYSEL BULVARI E.Ü.TGB İDARE VE KULUÇKA MRK.-1 BİNASI DIŞ KAPI NO:61 İÇ KAPI NO:42 MELİKGAZİ//KAYSERİ/TÜRKİYE 38039', 0, '2022-03-25 03:35:07', '[{\\\"door_number_permission\\\":false,\\\"square_meters_permission\\\":false,\\\"email_permission\\\":false,\\\"phone_permission\\\":false,\\\"mobile_phone_permission\\\":false,\\\"web_site_permission\\\":false,\\\"company_description_permission\\\":false,\\\"address_permission\\\":false}]', 0, 1),
(42, 1, 5, 0, 40, 'DATAÇARŞI', '27.70', 'bilgi@datacarsi.com', '0352 606 02 63', '(538) 897-74-09', 'https://datacarsi.com/', '{\\\"left\\\":844,\\\"top\\\":638.59375,\\\"width\\\":100.921875,\\\"height\\\":30,\\\"x\\\":844,\\\"y\\\":638.59375,\\\"right\\\":944.921875,\\\"bottom\\\":668.59375}', 'DATAÇARŞI YAZILIM PROJE VE DANIŞMANLIK LİMİTED ŞİRKETİ', 'Erciyes üniversitesi teknoloji geliştirme bölgesi tekno:1 binası kat:2 no:40 Melikgazi/Kayseri', 9723, '2022-03-25 03:34:07', '[{\\\"door_number_permission\\\":false,\\\"square_meters_permission\\\":false,\\\"email_permission\\\":false,\\\"phone_permission\\\":false,\\\"mobile_phone_permission\\\":false,\\\"web_site_permission\\\":false,\\\"company_description_permission\\\":false,\\\"address_permission\\\":false}]', 0, 1),
(43, 1, 5, 0, 47, 'İNOSİS YAZILIM BİLGİSAYAR', '56.32', 'info@inosisyazilim.com', '(+90) 352 224 68 86', '(+90) 352 224 68 86', 'http://www.inosis.com.tr', '{\\\"left\\\":338,\\\"top\\\":200.59375,\\\"width\\\":227.71665954589844,\\\"height\\\":30,\\\"x\\\":338,\\\"y\\\":200.59375,\\\"right\\\":565.7166595458984,\\\"bottom\\\":230.59375}', 'İNOSİS YAZILIM BİLGİSAYAR VE BİLİŞİM TEKNOLOJİLERİ SAN. TİC. LTD. ŞTİ.', 'Erciyes Üniversitesi Teknopark 1.Bina Kat:2 No:47 Melikgazi /KAYSERİ', 8943, '2022-03-25 03:33:55', '[{\\\"door_number_permission\\\":false,\\\"square_meters_permission\\\":false,\\\"email_permission\\\":false,\\\"phone_permission\\\":false,\\\"mobile_phone_permission\\\":false,\\\"web_site_permission\\\":false,\\\"company_description_permission\\\":false,\\\"address_permission\\\":false}]', 0, 1),
(44, 1, 5, 0, 41, 'YAPAY ELMAS KAPLAMA', '28.16', 'akariper@gmail.com', '', '(505) 520-48-71', '', '{\\\"left\\\":667,\\\"top\\\":726.5999755859375,\\\"width\\\":201.28334045410156,\\\"height\\\":30,\\\"x\\\":667,\\\"y\\\":726.5999755859375,\\\"right\\\":868.2833404541016,\\\"bottom\\\":756.5999755859375}', 'İSHAK AFŞİN KARİPER-YAPAY ELMAS KAPLAMA', 'YENİ MAHALLE AŞIKVEYSEL BULVARI E.Ü.TGB İDARE VE KULUÇKA MRK. -1.BİNASI DIŞ KAPI NO:61 İÇ KAPI NO:41 MELİKGAZİ//KAYSERİ/TÜRKİYE 38039', 0, '2022-03-25 03:34:20', '[{\\\"door_number_permission\\\":false,\\\"square_meters_permission\\\":false,\\\"email_permission\\\":false,\\\"phone_permission\\\":false,\\\"mobile_phone_permission\\\":false,\\\"web_site_permission\\\":false,\\\"company_description_permission\\\":false,\\\"address_permission\\\":false}]', 0, 1),
(45, 1, 5, 0, 44, 'BİLETAL İÇ VE DIŞ', '36.28', 'ycelik@biletall.com', '(035) 222-22-22', '(543) 710-79-77', '', '{\\\"left\\\":314,\\\"top\\\":719.5999755859375,\\\"width\\\":147.14999389648438,\\\"height\\\":30,\\\"x\\\":314,\\\"y\\\":719.5999755859375,\\\"right\\\":461.1499938964844,\\\"bottom\\\":749.5999755859375}', '', 'YENİ MAHALLE AŞIKVEYSEL BULVARI E.Ü.TGB İDARE VE KULUÇKA MRK. - 1.BİNASI DIŞ KAPI NO:61 İÇ KAPI NO:50 MELİKGAZİ//KAYSERİ/TÜRKİYE 38039', 0, '2022-03-25 03:34:46', '[{\\\"door_number_permission\\\":false,\\\"square_meters_permission\\\":false,\\\"email_permission\\\":false,\\\"phone_permission\\\":false,\\\"mobile_phone_permission\\\":false,\\\"web_site_permission\\\":false,\\\"company_description_permission\\\":false,\\\"address_permission\\\":false}]', 0, 1),
(46, 1, 5, 0, 1, 'CODE 5', '', 'info@code5.com.tr', '(0352) 224 81 25', '', 'https://code5.com.tr/', '{\\\"left\\\":1062.140625,\\\"top\\\":133.59375,\\\"width\\\":69.859375,\\\"height\\\":30,\\\"x\\\":1062.140625,\\\"y\\\":133.59375,\\\"right\\\":1132,\\\"bottom\\\":163.59375}', 'CODE 5 YAZILIM DONANIM VE OTOMASYON SİSTEMLERİ', 'Erciyes Üniversitesi Teknopark 1 No\\\\\\\'lu Bina No:82-83 Melikgazi / KAYSERİ', 9722, '2022-05-27 02:15:47', '[{\\\"door_number_permission\\\":false,\\\"square_meters_permission\\\":false,\\\"email_permission\\\":false,\\\"phone_permission\\\":false,\\\"mobile_phone_permission\\\":false,\\\"web_site_permission\\\":false,\\\"company_description_permission\\\":false,\\\"address_permission\\\":false}]', 0, 1),
(47, 1, 5, 0, 49, 'EMETAL ARGE BİLİŞİM', '34.38', 'mkaraca5@gmail.com', '', '(533) 210-19-84', '', '{\\\"left\\\":540,\\\"top\\\":243.59375,\\\"width\\\":182.35000610351562,\\\"height\\\":30,\\\"x\\\":540,\\\"y\\\":243.59375,\\\"right\\\":722.3500061035156,\\\"bottom\\\":273.59375}', 'EMETAL ARGE BİLİŞİM ANONİM ŞİRKETİ', 'YILDIRIM BEYAZIT MAHALLESİ AŞIKVEYSEL BULVARI E.Ü.TGB İDARE VE KULUÇKA -1.BİNASI DIŞ KAPI NO:61 İÇ KAPI NO:49 MELİKGAZİ//KAYSERİ/TÜRKİYE 38039', 0, '2022-03-25 03:33:16', '[{\\\"door_number_permission\\\":false,\\\"square_meters_permission\\\":false,\\\"email_permission\\\":false,\\\"phone_permission\\\":false,\\\"mobile_phone_permission\\\":false,\\\"web_site_permission\\\":false,\\\"company_description_permission\\\":false,\\\"address_permission\\\":false}]', 0, 1),
(48, 1, 5, 0, 0, 'URUK ENDÜSTRİYEL', '', 'bilal@uruk.com.tr', '(352) 311-50-13', '(530) 207-78-58', 'http://www.uruk.com.tr', '{\\\"left\\\":964.828125,\\\"top\\\":169.59375,\\\"width\\\":167.171875,\\\"height\\\":30,\\\"x\\\":964.828125,\\\"y\\\":169.59375,\\\"right\\\":1132,\\\"bottom\\\":199.59375}', 'URUK ENDÜSTRİYEL ÜRÜNLER SANAYİ VE TİCARET LİMİTED ŞİRKETİ', 'Erciyes Üniversitesi T.G.B Aşık veysel Bul. Yeni mah. Merkez-3 Binası', 0, '2022-03-25 11:23:00', '[{\\\"door_number_permission\\\":false,\\\"square_meters_permission\\\":false,\\\"email_permission\\\":false,\\\"phone_permission\\\":false,\\\"mobile_phone_permission\\\":false,\\\"web_site_permission\\\":false,\\\"company_description_permission\\\":false,\\\"address_permission\\\":false}]', 0, 1),
(49, 1, 6, 0, 86, 'APRON BİYOTEKNOLOJİ', '', 'eczbetul@gmail.com', '', '(505) 678-45-51', '', '{\\\"left\\\":492.29998779296875,\\\"top\\\":486.56666564941406,\\\"width\\\":195.6999969482422,\\\"height\\\":30,\\\"x\\\":492.29998779296875,\\\"y\\\":486.56666564941406,\\\"right\\\":687.9999847412109,\\\"bottom\\\":516.5666656494141}', 'APRON BİYOTEKNOLOJİ ANONİM ŞİRKETİ', 'YILDIRIM BEYAZIT MAHALLESİ AŞIKVEYSEL BULVARI E.Ü.TGB İDARE VE KULUÇKA -4.BİNASI DIŞ KAPI NO:67/3 İÇ KAPI NO:86 MELİKGAZİ//KAYSERİ/TÜRKİYE 38039', 0, '2022-03-25 11:45:05', '[{\\\"door_number_permission\\\":false,\\\"square_meters_permission\\\":false,\\\"email_permission\\\":false,\\\"phone_permission\\\":false,\\\"mobile_phone_permission\\\":false,\\\"web_site_permission\\\":false,\\\"company_description_permission\\\":false,\\\"address_permission\\\":false}]', 0, 1),
(50, 1, 6, 0, 55, 'BEEARGE MÜHENDİSLİK', '28.16', 'mailto:info@beearge.com', '', 'tel:0538 427 64 08', 'https://beearge.com/', '{\\\"left\\\":493,\\\"top\\\":768.232666015625,\\\"width\\\":197.11802673339844,\\\"height\\\":29.982641220092773,\\\"x\\\":493,\\\"y\\\":768.232666015625,\\\"right\\\":690.1180267333984,\\\"bottom\\\":798.2153072357178}', 'MÜMİN ÖZDEN - BEEARGE MÜHENDİSLİK VE DANIŞMANLIK HİZMETLERİ', 'Yıldırım Beyazıt Mahallesi E.Ü. TGB İdare ve Kuluçka, Aşık Veysel Blv. 28 3 D:No:55, 38010, 38000 Melikgazi/Kayseri', 8959, '2022-03-25 03:28:41', '[{\\\"door_number_permission\\\":false,\\\"square_meters_permission\\\":false,\\\"email_permission\\\":false,\\\"phone_permission\\\":false,\\\"mobile_phone_permission\\\":false,\\\"web_site_permission\\\":false,\\\"company_description_permission\\\":false,\\\"address_permission\\\":false}]', 0, 1),
(51, 1, 6, 0, 63, 'BİLİMPLANT', '34.38', 'mailto:aemindemirbas@hotmail.com', '', '(532) 781-12-92', '', '{\\\"left\\\":543,\\\"top\\\":250.56597900390625,\\\"width\\\":109.5138931274414,\\\"height\\\":29.982641220092773,\\\"x\\\":543,\\\"y\\\":250.56597900390625,\\\"right\\\":652.5138931274414,\\\"bottom\\\":280.548620223999}', 'BİLİMPLANT DİŞ MALZEMELERİ VE MEDİKAL ARGE YAZILIM SANAYİ TİCARET LİMİTED ŞİRKET', 'YENİ MAHALLE AŞIKVEYSEL BULVARI E.Ü.TGB İDARE VE KULUÇKA MRK. -1.BİNASI DIŞ KAPI NO:61 İÇ KAPI NO:63 MELİKGAZİ//KAYSERİ/TÜRKİYE 38039', 9284, '2022-03-25 03:29:35', '[{\\\"door_number_permission\\\":false,\\\"square_meters_permission\\\":false,\\\"email_permission\\\":false,\\\"phone_permission\\\":false,\\\"mobile_phone_permission\\\":false,\\\"web_site_permission\\\":false,\\\"company_description_permission\\\":false,\\\"address_permission\\\":false}]', 0, 1),
(52, 1, 6, 0, 57, 'EMAR PROJE YAZILIM', '112.28', 'mailto:info@mrpyazilim.com', 'tel:(0352) 221 22 84', '', 'http://www.mrpyazilim.com/', '{\\\"left\\\":92,\\\"top\\\":743.8999938964844,\\\"width\\\":179.39999389648438,\\\"height\\\":30,\\\"x\\\":92,\\\"y\\\":743.8999938964844,\\\"right\\\":271.3999938964844,\\\"bottom\\\":773.8999938964844}', 'EMAR PROJE YAZILIM DANIŞMANLIK VE BİLİŞİM HİZM.LTD.ŞTİ', 'Melikgazi, Yıldırım Beyazıt Mah. Aşık Veysel Bul. Erciyes Teknopark Bölgesi Bina No :1 Kat No:3 Daire No :57, Aşık Veysel Blv., 38140 Kayseri', 8965, '2022-03-25 03:26:12', '[{\\\"door_number_permission\\\":false,\\\"square_meters_permission\\\":false,\\\"email_permission\\\":false,\\\"phone_permission\\\":false,\\\"mobile_phone_permission\\\":false,\\\"web_site_permission\\\":false,\\\"company_description_permission\\\":false,\\\"address_permission\\\":false}]', 0, 1),
(53, 1, 6, 0, 60, 'DYM KOMPOZİT', '25.70', 'info@mbisavunma.com', '(212) 995-02-50', '(506) 488-16-96', '', '{\\\"left\\\":78,\\\"top\\\":354.56665802001953,\\\"width\\\":138.43333435058594,\\\"height\\\":30,\\\"x\\\":78,\\\"y\\\":354.56665802001953,\\\"right\\\":216.43333435058594,\\\"bottom\\\":384.56665802001953}', 'DYM KOMPOZİT VE MAKİNA SANAYİ TİCARET ANONİM ŞİRKETİ', 'YILDIRIM BEYAZIT MAHALLESİ AŞIKVEYSEL BULVARI E.Ü.TGB İDARE VE KULUÇKA -1.BİNASI DIŞ KAPI NO:61 İÇ KAPI NO:60 MELİKGAZİ//KAYSERİ/TÜRKİYE 38039', 0, '2022-03-25 03:27:59', '[{\\\"door_number_permission\\\":false,\\\"square_meters_permission\\\":false,\\\"email_permission\\\":false,\\\"phone_permission\\\":false,\\\"mobile_phone_permission\\\":false,\\\"web_site_permission\\\":false,\\\"company_description_permission\\\":false,\\\"address_permission\\\":false}]', 0, 1),
(54, 1, 6, 0, 59, 'EPİK MEDYA', '21.93', 'mailto:ratelgame@gmail.com', '(035) 260-60-81', '(536) 970-22-45', '', '{\\\"left\\\":96,\\\"top\\\":482.56668853759766,\\\"width\\\":107.60000610351562,\\\"height\\\":30,\\\"x\\\":96,\\\"y\\\":482.56668853759766,\\\"right\\\":203.60000610351562,\\\"bottom\\\":512.5666885375977}', 'EPİK MEDYA BASIN YAYIN ARGE VE YAZILIM TİCARET LİMİTED ŞİRKETİ', 'YILDIRIM BEYAZIT MAHALLESİ AŞIKVEYSEL BULVARI E.Ü.TGB İDARE VE KULUÇKA -1.BİNASI DIŞ KAPI NO:61 İÇ KAPI NO:59 MELİKGAZİ//KAYSERİ/TÜRKİYE 38039', 0, '2022-03-25 03:27:41', '[{\\\"door_number_permission\\\":false,\\\"square_meters_permission\\\":false,\\\"email_permission\\\":false,\\\"phone_permission\\\":false,\\\"mobile_phone_permission\\\":false,\\\"web_site_permission\\\":false,\\\"company_description_permission\\\":false,\\\"address_permission\\\":false}]', 0, 1),
(55, 1, 6, 0, 61, 'ERA BİLİŞİM', '112.28', 'info@erabil.com.tr', '(352) 224-21-21', '', 'http://www.erabil.com.tr', '{\\\"left\\\":261,\\\"top\\\":813.566650390625,\\\"width\\\":106.55000305175781,\\\"height\\\":30,\\\"x\\\":261,\\\"y\\\":813.566650390625,\\\"right\\\":367.5500030517578,\\\"bottom\\\":843.566650390625}', 'ERDEM KOCA - ERA BİLİŞİM', 'YENİ MAHALLE AŞIK VEYSEL BULVARI E.Ü.T.G.B. İdari bina ve İnkübatör merkezi-1 BİNASI NO:61/61-62 38039 MELİKGAZİ/ KAYSERİ', 0, '2022-03-25 03:27:12', '[{\\\"door_number_permission\\\":false,\\\"square_meters_permission\\\":false,\\\"email_permission\\\":false,\\\"phone_permission\\\":false,\\\"mobile_phone_permission\\\":false,\\\"web_site_permission\\\":false,\\\"company_description_permission\\\":false,\\\"address_permission\\\":false}]', 0, 1),
(56, 1, 6, 0, 54, 'LODOS TEKNOLOJİ', '28,16', 'ibrahimozdin@gmail.com', '', '(535) 687-53-10', 'http://www.lodosteknoloji.com', '{\\\"left\\\":652,\\\"top\\\":825.232666015625,\\\"width\\\":156.23260498046875,\\\"height\\\":29.982641220092773,\\\"x\\\":652,\\\"y\\\":825.232666015625,\\\"right\\\":808.2326049804688,\\\"bottom\\\":855.2153072357178}', 'ODOS TEKNOLOJİ ELEKTRONİK VE YAZILIM SANAYİ TİCARET LİMİTED ŞİRKETİ', 'YILDIRIM BEYAZIT MAHALLESİ AŞIKVEYSEL BULVARI E.Ü.TGB İDARE VE KULUÇKA MERKEZİ - 1.BİNASI DIŞ KAPI NO:61 İÇ KAPI NO:54 MELİKGAZİ//KAYSERİ/TÜRKİYE 38039', 8954, '2022-03-25 01:38:04', '[{\\\"door_number_permission\\\":false,\\\"square_meters_permission\\\":false,\\\"email_permission\\\":false,\\\"phone_permission\\\":false,\\\"mobile_phone_permission\\\":false,\\\"web_site_permission\\\":false,\\\"company_description_permission\\\":false,\\\"address_permission\\\":false}]', 0, 1),
(57, 1, 8, 0, 54, 'AK İNOVASYON', '28,16', 'ibrahimozdin@gmail.com', '', '(535) 687-53-10', 'http://www.lodosteknoloji.com', '{\\\"left\\\":664,\\\"top\\\":767.232666015625,\\\"width\\\":134.04518127441406,\\\"height\\\":29.982641220092773,\\\"x\\\":664,\\\"y\\\":767.232666015625,\\\"right\\\":798.0451812744141,\\\"bottom\\\":797.2153072357178}', 'AK İNOVASYON DANIŞMANLIK LİMİTED ŞİRKETİ', 'YILDIRIM BEYAZIT MAHALLESİ AŞIKVEYSEL BULVARI E.Ü.TGB İDARE VE KULUÇKA MERKEZİ - 1.BİNASI DIŞ KAPI NO:61 İÇ KAPI NO:54 MELİKGAZİ//KAYSERİ/TÜRKİYE 38039', 0, '2022-03-25 01:43:01', '[{\\\"door_number_permission\\\":false,\\\"square_meters_permission\\\":false,\\\"email_permission\\\":false,\\\"phone_permission\\\":false,\\\"mobile_phone_permission\\\":false,\\\"web_site_permission\\\":false,\\\"company_description_permission\\\":false,\\\"address_permission\\\":false}]', 0, 1),
(58, 1, 8, 0, 69, 'AK-KA ASANSÖR', '28,16', 'akkaasansor@hotmail.com', '(352) 224-60-52', '(554) 887-30-60', 'http://www.akkaasansor.com', '{\\\"left\\\":513.9999780654907,\\\"top\\\":812.232666015625,\\\"width\\\":143.80209350585938,\\\"height\\\":29.982641220092773,\\\"x\\\":513.9999780654907,\\\"y\\\":812.232666015625,\\\"right\\\":657.8020715713501,\\\"bottom\\\":842.2153072357178}', 'AK-KA ASANSÖR OTOMOSYON İNŞAAT SANAYİ VE TİCARET LİMİTED ŞİRKETİ', 'Teknoloji Geliştirme Bölgesi İnkübatör merkezi No:61/69', 9511, '2022-03-25 01:50:50', '[{\\\"door_number_permission\\\":false,\\\"square_meters_permission\\\":false,\\\"email_permission\\\":false,\\\"phone_permission\\\":false,\\\"mobile_phone_permission\\\":false,\\\"web_site_permission\\\":false,\\\"company_description_permission\\\":false,\\\"address_permission\\\":false}]', 0, 1),
(59, 1, 8, 0, 67, 'ALICE VE BEYAZ TAVŞAN', '16,45', 'duyguyucel@erciyes.edu.tr', '', '(533) 572-21-16', '', '{\\\"left\\\":819,\\\"top\\\":672.232666015625,\\\"width\\\":199.86111450195312,\\\"height\\\":29.982641220092773,\\\"x\\\":819,\\\"y\\\":672.232666015625,\\\"right\\\":1018.8611145019531,\\\"bottom\\\":702.2153072357178}', 'ALICE VE BEYAZ TAVŞAN BİYOTEKNOLOJİ VE MEDİKAL ARGE DANIŞMANLIK LİMİTED ŞİRKETİ', 'YENİ MAHALLE AŞIKVEYSEL BULVARI E.Ü.TGB İDARE VE KULUÇKA MERKEZİ', 0, '2022-03-25 01:55:32', '[{\\\"door_number_permission\\\":false,\\\"square_meters_permission\\\":false,\\\"email_permission\\\":false,\\\"phone_permission\\\":false,\\\"mobile_phone_permission\\\":false,\\\"web_site_permission\\\":false,\\\"company_description_permission\\\":false,\\\"address_permission\\\":false}]', 0, 1),
(60, 1, 8, 0, 68, 'ÇEMREK BİLGİ TEKNOLOJİLERİ', '28,16', 'cemrek@cemrek.com.tr', '352) 222-79-29', '(506) 350-91-92', 'http://https://www.cemrek.com.tr', '{\\\"left\\\":426,\\\"top\\\":670.5659790039062,\\\"width\\\":242.74307250976562,\\\"height\\\":29.982641220092773,\\\"x\\\":426,\\\"y\\\":670.5659790039062,\\\"right\\\":668.7430725097656,\\\"bottom\\\":700.548620223999}', 'ÇEMREK BİLGİ TEKNOLOJİLERİ MÜHENDİSLİK VE DANIŞMANLIK HİZMETLERİ', 'YILDIRIM BEYAZIT MAH AŞIKVEYSEL BLV ERCİYES TEKNOPARK 1.BİNA 61-68', 0, '2022-03-25 01:59:55', '[{\\\"door_number_permission\\\":false,\\\"square_meters_permission\\\":false,\\\"email_permission\\\":false,\\\"phone_permission\\\":false,\\\"mobile_phone_permission\\\":false,\\\"web_site_permission\\\":false,\\\"company_description_permission\\\":false,\\\"address_permission\\\":false}]', 0, 1),
(61, 1, 8, 0, 73, 'ERCİYES İLAÇ', '48,47', 'emine.selvi@erdogan.edu.tr', '(505) 243-39-72', '0552 386 93 86', '', '{\\\"left\\\":102,\\\"top\\\":385.566650390625,\\\"width\\\":164.31666564941406,\\\"height\\\":30,\\\"x\\\":102,\\\"y\\\":385.566650390625,\\\"right\\\":266.31666564941406,\\\"bottom\\\":415.566650390625}', 'ERCİYES İLAÇ BİTKESEL DESTEK ÜRÜNLERİ ARGE SANAYİ TİCARET LİMİTED ŞİRKETİ', 'Erciyes Üniversitesi Teknopark, Yıldırım Beyazıt Mahallesi Aşık Veysel Bulvarı, 1 Binası 61/73, 38000 Melikgazi/Kayseri', 9006, '2022-03-25 02:05:16', '[{\\\"door_number_permission\\\":false,\\\"square_meters_permission\\\":false,\\\"email_permission\\\":false,\\\"phone_permission\\\":false,\\\"mobile_phone_permission\\\":false,\\\"web_site_permission\\\":false,\\\"company_description_permission\\\":false,\\\"address_permission\\\":false}]', 0, 1),
(62, 1, 8, 0, 64, 'ERİA TEKNOLOJİ YAZILIM', '52,45', 'mailto:info@eriateknoloji.com', 'tel:0352 224 60 68', '(546) 479-66-90', 'http://www.eriateknoloji.com/', '{\\\"left\\\":817,\\\"top\\\":326.566650390625,\\\"width\\\":255.86666870117188,\\\"height\\\":30,\\\"x\\\":817,\\\"y\\\":326.566650390625,\\\"right\\\":1072.8666687011719,\\\"bottom\\\":356.566650390625}', 'ERİA TEKNOLOJİ YAZILIM DANIŞMANLIK ARGE VE TİCARET LİMİTED ŞİRKETİ', 'YENİ MAHALLE AŞIKVEYSEL BULVARI E.Ü.TGB İDARE VE KULUÇKA MER', 8985, '2022-03-25 02:09:50', '[{\\\"door_number_permission\\\":false,\\\"square_meters_permission\\\":false,\\\"email_permission\\\":false,\\\"phone_permission\\\":false,\\\"mobile_phone_permission\\\":false,\\\"web_site_permission\\\":false,\\\"company_description_permission\\\":false,\\\"address_permission\\\":false}]', 0, 1),
(63, 1, 8, 0, 71, 'OCEANNET', '37,00', 'gulsah@oceannet.com.tr', '(352) 224-64-21', '+90 352 224 64 21', 'http://www.oceannet.com.tr', '{\\\"left\\\":295,\\\"top\\\":811.232666015625,\\\"width\\\":99.42708587646484,\\\"height\\\":29.982641220092773,\\\"x\\\":295,\\\"y\\\":811.232666015625,\\\"right\\\":394.42708587646484,\\\"bottom\\\":841.2153072357178}', 'GÜLŞAH BAYRAM- OCEANNET', 'YILDIRIM BEYAZIT MAHALLESİAŞIKVEYSEL BULVARI E.Ü.TGB İDARE VE KULUÇKA MERKEZİ', 9001, '2022-03-25 02:14:55', '[{\\\"door_number_permission\\\":false,\\\"square_meters_permission\\\":false,\\\"email_permission\\\":false,\\\"phone_permission\\\":false,\\\"mobile_phone_permission\\\":false,\\\"web_site_permission\\\":false,\\\"company_description_permission\\\":false,\\\"address_permission\\\":false}]', 0, 1),
(64, 1, 8, 0, 72, '', '', 'mailto:nuhhattat@hotmail.com', '', '(532) 611-07-75', '75,28', '{\\\"left\\\":31,\\\"top\\\":168.39999389648438,\\\"width\\\":61.08332824707031,\\\"height\\\":30,\\\"x\\\":31,\\\"y\\\":168.39999389648438,\\\"right\\\":92.08332824707031,\\\"bottom\\\":198.39999389648438}', '', 'YILDIRIM BEYAZIT MAHALLESİ AŞIKVEYSEL BULVARI E.Ü.TGB İDARE VE KULUÇKA -1.BİNASI DIŞ KAPI NO:61 İÇ KAPI NO:72', 0, '2022-03-25 02:19:31', '[{\\\"door_number_permission\\\":false,\\\"square_meters_permission\\\":false,\\\"email_permission\\\":false,\\\"phone_permission\\\":false,\\\"mobile_phone_permission\\\":false,\\\"web_site_permission\\\":false,\\\"company_description_permission\\\":false,\\\"address_permission\\\":false}]', 0, 1),
(65, 1, 8, 0, 72, 'SELEDİYE HATTAT', '75.28', 'mailto:nuhhattat@hotmail.com', '', '(532) 611-07-75', '', '{\\\"left\\\":98,\\\"top\\\":766.3437652587891,\\\"width\\\":147.53472900390625,\\\"height\\\":29.982641220092773,\\\"x\\\":98,\\\"y\\\":766.3437652587891,\\\"right\\\":245.53472900390625,\\\"bottom\\\":796.3264064788818}', 'SELEDİYE HATTAT', 'YILDIRIM BEYAZIT MAHALLESİ AŞIKVEYSEL BULVARI E.Ü.TGB İDARE VE KULUÇKA -1.BİNASI DIŞ KAPI NO:61 İÇ KAPI NO:72', 0, '2022-03-25 02:19:00', '[{\\\"door_number_permission\\\":false,\\\"square_meters_permission\\\":false,\\\"email_permission\\\":false,\\\"phone_permission\\\":false,\\\"mobile_phone_permission\\\":false,\\\"web_site_permission\\\":false,\\\"company_description_permission\\\":false,\\\"address_permission\\\":false}]', 0, 1),
(66, 2, 9, 0, 2, 'BFG TEKNOLOJİK', '40,60', 'info@bfgteknoloji.com', '0 352 224 19 63', '(535) 706-26-81', 'http://www.bfgteknoloji.com.tr', '{\\\"left\\\":581,\\\"top\\\":419.5833435058594,\\\"width\\\":143.75,\\\"height\\\":30,\\\"x\\\":581,\\\"y\\\":419.5833435058594,\\\"right\\\":724.75,\\\"bottom\\\":449.5833435058594}', 'BFG TEKNOLOJİK ARAŞTIRMALAR AKREDİTASYON SAN.TİC.LTD.ŞTİ', 'Erciyes Üniversitesi Teknoloji Geliştirme İdari Binası İnkübatör Mrk.2 No:65/2 38039 KAYSER', 9516, '2022-03-28 08:52:44', '[{\\\"door_number_permission\\\":false,\\\"square_meters_permission\\\":false,\\\"email_permission\\\":false,\\\"phone_permission\\\":false,\\\"mobile_phone_permission\\\":false,\\\"web_site_permission\\\":false,\\\"company_description_permission\\\":false,\\\"address_permission\\\":false}]', 0, 1),
(67, 2, 9, 0, 3, 'İLTELİS İLERİ TEKNOLOJİ ELEKTRONİK', '42,04', 'iltelis@iltelis.com', '0 352 224 24 20', '(352) 224-24-20', 'http://www.iltelis.com', '{\\\"left\\\":674,\\\"top\\\":259.58334350586,\\\"width\\\":297.3958435058594,\\\"height\\\":30,\\\"x\\\":674,\\\"y\\\":259.58334350586,\\\"right\\\":971.3958435058594,\\\"bottom\\\":289.58334350586}', 'İLTELİS İLERİ TEKNOLOJİ ELEKTRONİK VE İLETİŞİM SİSTEMLERİ MÜHENDİSLİK BİLGİSAYAR SANAYİ VE TİCARET LİMİTED ŞİRKETİ', 'YENİ MAHALLE AŞIK VEYSEL BULVARI E.Ü.T.G.B. İdari bina ve İnkübatör merkezi-2 No:65/3 38039 Melikgazi/ Kayseri', 8874, '2022-03-28 08:58:09', '[{\\\"door_number_permission\\\":false,\\\"square_meters_permission\\\":false,\\\"email_permission\\\":false,\\\"phone_permission\\\":false,\\\"mobile_phone_permission\\\":false,\\\"web_site_permission\\\":false,\\\"company_description_permission\\\":false,\\\"address_permission\\\":false}]', 0, 1),
(68, 2, 9, 0, 10, 'KÜLTEPE GİRİŞİM ARGE', '42,04', 'mailto:bilgi@kultepe.com.tr', '', '', 'http://www.kultepe.com.tr/', '{\\\"left\\\":233,\\\"top\\\":351.5833435058594,\\\"width\\\":190.89584350585938,\\\"height\\\":30,\\\"x\\\":233,\\\"y\\\":351.5833435058594,\\\"right\\\":423.8958435058594,\\\"bottom\\\":381.5833435058594}', 'KÜLTEPE GİRİŞİM ARGE VE DANIŞMANLIK FİNANSAL HİZMETLER ANONİM ŞİRKETİ', 'Yıldırım Beyazıt Mahallesi, Aşık Veysel Bulvarı, Erciyes Teknopark 2. Bina 67/', 8894, '2022-03-28 09:00:57', '[{\\\"door_number_permission\\\":false,\\\"square_meters_permission\\\":false,\\\"email_permission\\\":false,\\\"phone_permission\\\":false,\\\"mobile_phone_permission\\\":false,\\\"web_site_permission\\\":false,\\\"company_description_permission\\\":false,\\\"address_permission\\\":false}]', 0, 1),
(69, 2, 9, 0, 5, 'NANOBİOTECH ARGE', '74,76', 'dilek@nanobioag.com', '0 352 503 03 01', '(533) 513-26-88', 'http://www.nanobiotech.com.tr/', '{\\\"left\\\":904,\\\"top\\\":193.58334350585938,\\\"width\\\":175.4791717529297,\\\"height\\\":30,\\\"x\\\":904,\\\"y\\\":193.58334350585938,\\\"right\\\":1079.4791717529297,\\\"bottom\\\":223.58334350585938}', 'NANOBİOTECH ARGE İNOV.SAĞ.ÜRÜN.SAN.VE TİC.LTD.ŞTİ.', 'Yeni Mahallesi, Aşık Veysel Bulvarı, 65/5 Kayseri', 8885, '2022-03-28 09:05:21', '[{\\\"door_number_permission\\\":false,\\\"square_meters_permission\\\":false,\\\"email_permission\\\":false,\\\"phone_permission\\\":false,\\\"mobile_phone_permission\\\":false,\\\"web_site_permission\\\":false,\\\"company_description_permission\\\":false,\\\"address_permission\\\":false}]', 0, 1),
(70, 2, 9, 0, 7, 'NETSOFT BİLİŞİM VE YAZILIM SİSTEMLERİ', '28,31', 'bilgi@netsoftbilisim.com', '(352) 232-30-70', '(535) 344-19-34', 'http://www.netsoftbilisim.com/', '{\\\"left\\\":298,\\\"top\\\":246.58334350586,\\\"width\\\":330.1458435058594,\\\"height\\\":30,\\\"x\\\":298,\\\"y\\\":246.58334350586,\\\"right\\\":628.1458435058594,\\\"bottom\\\":276.58334350586}', 'NETSOFT BİLİŞİM VE YAZILIM SİSTEMLERİ', 'Erciyes Üniversitesi Teknoloji Geliştirme Bölgesi Tekno-2 Binası No:65/ Melikgazi / KAYSERİ', 9727, '2022-03-28 09:13:31', '[{\\\"door_number_permission\\\":false,\\\"square_meters_permission\\\":false,\\\"email_permission\\\":false,\\\"phone_permission\\\":false,\\\"mobile_phone_permission\\\":false,\\\"web_site_permission\\\":false,\\\"company_description_permission\\\":false,\\\"address_permission\\\":false}]', 0, 1),
(71, 2, 9, 0, 6, 'NİVERA BİLGİ TEKNOLOJİLERİ', '74,76', 'bilgi@netsoftbilisim.com', '(352) 224-90-30', '(543) 623-85-34', 'http://www.nivera.com.tr', '{\\\"left\\\":862,\\\"top\\\":391.58334350586,\\\"width\\\":238.1875,\\\"height\\\":30,\\\"x\\\":862,\\\"y\\\":391.58334350586,\\\"right\\\":1100.1875,\\\"bottom\\\":421.58334350586}', 'NİVERA BİLGİ TEKNOLOJİLERİ TURİZM SANAYİ VE TİCARET LİMİTED ŞİRKETİ', 'AŞIK VEYSEL BUL. TEKNOPARK TEKNO-2 BİNASI 65/6', 8907, '2022-03-28 09:16:22', '[{\\\"door_number_permission\\\":false,\\\"square_meters_permission\\\":false,\\\"email_permission\\\":false,\\\"phone_permission\\\":false,\\\"mobile_phone_permission\\\":false,\\\"web_site_permission\\\":false,\\\"company_description_permission\\\":false,\\\"address_permission\\\":false}]', 0, 1),
(72, 2, 9, 0, 9, 'NUTRAL TERAPİ', '42,04', 'mailto:bilgi@nutraltherapy.com', '(352) 503-40-40', 'tel:0352 503 40 40', 'http://https://nsl.com.tr/', '{\\\"left\\\":262,\\\"top\\\":186.58334350586,\\\"width\\\":136.375,\\\"height\\\":30,\\\"x\\\":262,\\\"y\\\":186.58334350586,\\\"right\\\":398.375,\\\"bottom\\\":216.58334350586}', 'NUTRAL TERAPİ BESİNSEL TEDAVİ ARAŞTIRMA GELİŞTİRME SANAYİ VE TİCARET LİMİTED ŞİRKETİ', 'YENİ MAHALLE AŞIKVEYSEL BULVARI E.Ü.TGB İDARE VE KULUÇKA MRK.', 9729, '2022-03-28 09:27:01', '[{\\\"door_number_permission\\\":false,\\\"square_meters_permission\\\":false,\\\"email_permission\\\":false,\\\"phone_permission\\\":false,\\\"mobile_phone_permission\\\":false,\\\"web_site_permission\\\":false,\\\"company_description_permission\\\":false,\\\"address_permission\\\":false}]', 0, 1),
(73, 2, 9, 0, 1, '', '40,60', '', '', '', '', '{\\\"left\\\":579,\\\"top\\\":195.58334350585938,\\\"width\\\":213.9166717529297,\\\"height\\\":30,\\\"x\\\":579,\\\"y\\\":195.58334350585938,\\\"right\\\":792.9166717529297,\\\"bottom\\\":225.58334350585938}', '', 'YENİ MAHALLE AŞIK VEYSEL BULVARI E.Ü.T.G.B. İdari bina ve İnkübatör merkezi-2 BİNASI NO:65/1 38039 MELİKGAZİ/ KAYSERİ', 0, '0000-00-00 00:00:00', '[{\\\"door_number_permission\\\":false,\\\"square_meters_permission\\\":false,\\\"email_permission\\\":false,\\\"phone_permission\\\":false,\\\"mobile_phone_permission\\\":false,\\\"web_site_permission\\\":false,\\\"company_description_permission\\\":false,\\\"address_permission\\\":false}]', 1, 1),
(74, 2, 9, 0, 26, 'SFPT BİOTECH', '25,36', 'okaycaglayan@yahoo.com', '(352) 502-67-02', '(535) 584-79-78', '', '{\\\"left\\\":22,\\\"top\\\":315.5833435058594,\\\"width\\\":121.875,\\\"height\\\":30,\\\"x\\\":22,\\\"y\\\":315.5833435058594,\\\"right\\\":143.875,\\\"bottom\\\":345.5833435058594}', 'SFPT BİOTECH SAĞLIK ARAŞTIRMA GELİŞTİRME SANAYİ VE TİCARET ANONİM ŞİRKETİ', 'YENİ MAHALLE AŞIKVEYSEL BULVARI E.Ü.TGB İDARE VE KULUÇKA MERKEZİ - 2.BİNASI DIŞ KAPI NO:65 İÇ KAPI NO:26 MELİKGAZİ//KAYSERİ/TÜRKİYE 38039', 0, '2022-03-28 09:35:16', '[{\\\"door_number_permission\\\":false,\\\"square_meters_permission\\\":false,\\\"email_permission\\\":false,\\\"phone_permission\\\":false,\\\"mobile_phone_permission\\\":false,\\\"web_site_permission\\\":false,\\\"company_description_permission\\\":false,\\\"address_permission\\\":false}]', 0, 1),
(75, 2, 9, 0, 12, 'SUFFATECH', '73,56', 'shasoglu@erciyes.edu.tr', '', '+90 530 918 30 01', 'http://www.suffatech.com', '{\\\"left\\\":125,\\\"top\\\":435.5833435058594,\\\"width\\\":100.58333587646484,\\\"height\\\":30,\\\"x\\\":125,\\\"y\\\":435.5833435058594,\\\"right\\\":225.58333587646484,\\\"bottom\\\":465.5833435058594}', 'SUFFATECH ARGE YAZILIM VE BİLİŞİM TEKNOLOJİLERİ SANAYİ VE TİCARET LİMİTED ŞİRKETİ', 'Yıldırım Beyazıt Mah. Aşık Veysel Blv. E.Ü TGB Idare ve Kuluçka 2 No:65/12 38010 Melikgazi/KAYSERI', 9514, '2022-03-28 09:39:05', '[{\\\"door_number_permission\\\":false,\\\"square_meters_permission\\\":false,\\\"email_permission\\\":false,\\\"phone_permission\\\":false,\\\"mobile_phone_permission\\\":false,\\\"web_site_permission\\\":false,\\\"company_description_permission\\\":false,\\\"address_permission\\\":false}]', 0, 1),
(76, 2, 9, 0, 4, 'VERİ VERDE PROJE DANIŞMANLIK', '42,04', 'info@veriverde.com.tr', '(352) 224-11-01', '0 541 322 47 07', 'http://www.veriverde.com.tr/ana-sayfa.html', '{\\\"left\\\":692,\\\"top\\\":454.5833435058594,\\\"width\\\":271.9583435058594,\\\"height\\\":30,\\\"x\\\":692,\\\"y\\\":454.5833435058594,\\\"right\\\":963.9583435058594,\\\"bottom\\\":484.5833435058594}', 'VERİ VERDE PROJE DANIŞMANLIK ARGE EĞİTİM MÜHENDİSLİK ENERJİ TASARIM SANAYİ VE TİCARET LİMİTED ŞİRKETİ', 'Erciyes Üniversitesi Teknoloji Geliştirme Bölgesi, Erciyes Teknopark, İnkübatör Merkezi-2, No:4 Melikgazi KAYSER', 9730, '2022-03-28 09:45:38', '[{\\\"door_number_permission\\\":false,\\\"square_meters_permission\\\":false,\\\"email_permission\\\":false,\\\"phone_permission\\\":false,\\\"mobile_phone_permission\\\":false,\\\"web_site_permission\\\":false,\\\"company_description_permission\\\":false,\\\"address_permission\\\":false}]', 0, 1);
INSERT INTO `wp_stnc_map_floors_locations` (`id`, `building_id`, `floor_id`, `company_category_id`, `door_number`, `company_name`, `square_meters`, `email`, `phone`, `mobile_phone`, `web_site`, `map_location`, `company_description`, `address`, `media_id`, `add_date`, `web_permission`, `is_empty`, `is_show`) VALUES
(77, 2, 10, 0, 16, 'ALPAN FARMA AR-GE', '42,04', 'mailto:aydin@alpanfarma.com', '(352) 437-44-29', '(90) 532 551 00 82', 'http://www.alpanfarma.com.tr', '{\\\"left\\\":702,\\\"top\\\":665.9166717529297,\\\"width\\\":178.8125,\\\"height\\\":30,\\\"x\\\":702,\\\"y\\\":665.9166717529297,\\\"right\\\":880.8125,\\\"bottom\\\":695.9166717529297}', 'ALPAN FARMA AR-GE BİYOTEKNOLOJİLERİ LİMİTED ŞİRKETİ', 'YENİ MAHALLE AŞIK VEYSEL BULVARI E.Ü.T.G.B. İdari bina ve İnkübatör merkezi- 2 binası No: 65/16 38039 Melikgazi/Kayseri', 9002, '2022-03-28 09:51:20', '[{\\\"door_number_permission\\\":false,\\\"square_meters_permission\\\":false,\\\"email_permission\\\":false,\\\"phone_permission\\\":false,\\\"mobile_phone_permission\\\":false,\\\"web_site_permission\\\":false,\\\"company_description_permission\\\":false,\\\"address_permission\\\":false}]', 0, 1),
(78, 2, 10, 0, 14, 'APRON TEKNOLOJİ', '40,60', 'orhan@ledeca.com', '(0.212) 876 83 33', '(544) 200-91-20', 'http://www.apronteknoloji.com/', '{\\\"left\\\":624,\\\"top\\\":618.9166717529297,\\\"width\\\":159.5625,\\\"height\\\":30,\\\"x\\\":624,\\\"y\\\":618.9166717529297,\\\"right\\\":783.5625,\\\"bottom\\\":648.9166717529297}', 'APRON TEKNOLOJİ ANONİM ŞİRKETİ - TEKNOPARK ŞUBESİ', 'YENİ MAHALLE AŞIK VEYSEL BUL. E.Ü.TGB İDARE VE KULUÇKA MKZ-2 BİNASI DIŞ KAPI NO:65 İÇ KAPI NO: MELİKGAZİ//KAYSERİ/TÜRKİYE 38039', 9731, '2022-03-28 09:57:34', '[{\\\"door_number_permission\\\":false,\\\"square_meters_permission\\\":false,\\\"email_permission\\\":false,\\\"phone_permission\\\":false,\\\"mobile_phone_permission\\\":false,\\\"web_site_permission\\\":false,\\\"company_description_permission\\\":false,\\\"address_permission\\\":false}]', 0, 1),
(79, 2, 10, 1, 17, 'CHEMICAMED KİMYA ANONİM ŞİRKETİ', '19,38', 'info@chemicamed.com', '0 216 591 01 5', '(532) 561-12-63', 'http://www.chemicamed.com', '{\\\"left\\\":723,\\\"top\\\":404.5833435058594,\\\"width\\\":312.79168701171875,\\\"height\\\":30,\\\"x\\\":723,\\\"y\\\":404.5833435058594,\\\"right\\\":1035.7916870117188,\\\"bottom\\\":434.5833435058594}', 'CHEMICAMED KİMYA ANONİM ŞİRKETİ', 'YILDIRIM BEYAZIT MAHALLESİ AŞIKVEYSEL BULVARI E.Ü.TGB İDARE VE KULUÇKA -2.BİNASI DIŞ KAPI NO:65 İÇ KAPI NO:17 MELİKGAZİ//KAYSERİ/TÜRKİYE 38039', 8958, '2023-08-17 12:08:40', '', 0, 0),
(80, 2, 10, 0, 23, 'CRYOCAN BASINÇLI KAPLAR', '74,75', 'info@cryocan.com.com', '(352) 220-45-45', '(543) 686-58-19', 'http://www.cryocan.com', '{\\\"left\\\":57,\\\"top\\\":490.5833435058594,\\\"width\\\":231.5416717529297,\\\"height\\\":30,\\\"x\\\":57,\\\"y\\\":490.5833435058594,\\\"right\\\":288.5416717529297,\\\"bottom\\\":520.5833435058594}', 'CRYOCAN BASINÇLI KAPLAR ENDÜSTRİYEL TESİSLER SANAYİ VE TİCARET LİMİTED ŞİRKETİ ARGE ŞUBESİ', 'Yeni Mah. Aşık Veysel Bul. Erciyes Üniversitesi T.G.B. Merkez -2 Binası No:23', 9732, '2022-03-28 10:15:22', '[{\\\"door_number_permission\\\":false,\\\"square_meters_permission\\\":false,\\\"email_permission\\\":false,\\\"phone_permission\\\":false,\\\"mobile_phone_permission\\\":false,\\\"web_site_permission\\\":false,\\\"company_description_permission\\\":false,\\\"address_permission\\\":false}]', 0, 1),
(81, 2, 10, 0, 20, 'İNNO SOFT YAZILIM', '40,60', 'halit@innosoft.com.tr', '(352) 501-00-99', '(506) 252-66-26', 'www.innosoft.com.tr', '{\\\"left\\\":368,\\\"top\\\":625.9166717529297,\\\"width\\\":167.6041717529297,\\\"height\\\":30,\\\"x\\\":368,\\\"y\\\":625.9166717529297,\\\"right\\\":535.6041717529297,\\\"bottom\\\":655.9166717529297}', 'İNNO SOFT YAZILIM ARGE VE REKLAM TİCARET LİMİTED ŞİRKET', 'YENİ MAHALLE AŞIK VEYSEL BULVARI E.Ü.T.G.B.İDARİ BİNASI VE KULUÇKA MERKEZİ-2 BİNASI NO:65/20 39038 MELİKGAZİ/ KAYSERİ', 8993, '2022-03-28 10:18:12', '[{\\\"door_number_permission\\\":false,\\\"square_meters_permission\\\":false,\\\"email_permission\\\":false,\\\"phone_permission\\\":false,\\\"mobile_phone_permission\\\":false,\\\"web_site_permission\\\":false,\\\"company_description_permission\\\":false,\\\"address_permission\\\":false}]', 0, 1),
(82, 2, 10, 0, 21, 'MEDİTEK ARGE', '42,04', 'mailto:iletisim@meditek.net', 'tel:+90 216 706 3338', '(530) 498-68-90', 'http://www.meditekyazilim.net/Iletisim/', '{\\\"left\\\":288,\\\"top\\\":521.5833435058594,\\\"width\\\":128.8125,\\\"height\\\":30,\\\"x\\\":288,\\\"y\\\":521.5833435058594,\\\"right\\\":416.8125,\\\"bottom\\\":551.5833435058594}', 'MEDİTEK ARGE', 'Aşık Veysel Bulvarı E.Ü.TGB İdare ve Kuluçka 2 Apt. No:65/13 Melikgazi/KAYSERİ', 8929, '2022-03-28 10:23:03', '[{\\\"door_number_permission\\\":false,\\\"square_meters_permission\\\":false,\\\"email_permission\\\":false,\\\"phone_permission\\\":false,\\\"mobile_phone_permission\\\":false,\\\"web_site_permission\\\":false,\\\"company_description_permission\\\":false,\\\"address_permission\\\":false}]', 0, 1),
(83, 2, 10, 1, 13, 'MEDİTEK ARGE', '59,30', 'mailto:iletisim@meditek.net', 'tel:+90 216 706 3338', '(530) 498-68-90', 'http://www.meditekyazilim.net/Iletisim/', '{\\\"left\\\":593,\\\"top\\\":525.5832977294922,\\\"width\\\":128.8125,\\\"height\\\":30,\\\"x\\\":593,\\\"y\\\":525.5832977294922,\\\"right\\\":721.8125,\\\"bottom\\\":555.5832977294922}', 'MEDİTEK ARGE', 'Aşık Veysel Bulvarı E.Ü.TGB İdare ve Kuluçka 2 Apt. No:65/13 Melikgazi/KAYSERİ', 0, '2023-08-17 11:39:05', '', 0, 1),
(84, 2, 10, 0, 15, 'SİMAN BİLİŞİM TEKNOLOJİLERİ', '40,60', 'm.keklikoglu@hotmail.com', '', '(534) 702-65-65', '', '{\\\"left\\\":653,\\\"top\\\":480.9166717529297,\\\"width\\\":251.2291717529297,\\\"height\\\":30,\\\"x\\\":653,\\\"y\\\":480.9166717529297,\\\"right\\\":904.2291717529297,\\\"bottom\\\":510.9166717529297}', 'MUSTAFA KEKLİKOĞLU-SİMAN BİLİŞİM TEKNOLOJİLERİ', 'YILDIRIM BEYAZIT MAHALLESİ AŞIKVEYSEL BULVARI E.Ü.TGB İDARE VE KULUÇKA -2.BİNASI DIŞ KAPI NO:65 İÇ KAPI NO:15 MELİKGAZİ//KAYSERİ/TÜRKİYE 38039', 0, '2022-03-28 10:28:17', '[{\\\"door_number_permission\\\":false,\\\"square_meters_permission\\\":false,\\\"email_permission\\\":false,\\\"phone_permission\\\":false,\\\"mobile_phone_permission\\\":false,\\\"web_site_permission\\\":false,\\\"company_description_permission\\\":false,\\\"address_permission\\\":false}]', 0, 1),
(85, 2, 10, 0, 24, 'SOLARSHINE', '73,56', 'info@cansolar.com', '+90 352 290 03 59', '(542) 383-85-74', 'https://odulsolar.com/', '{\\\"left\\\":138,\\\"top\\\":686.9166870117188,\\\"width\\\":112.79167175292969,\\\"height\\\":30,\\\"x\\\":138,\\\"y\\\":686.9166870117188,\\\"right\\\":250.7916717529297,\\\"bottom\\\":716.9166870117188}', 'SOLARSHINE ENERJİ ÜRETİM İNŞAAT SANAYİ TİCARET ANONİM ŞİRKETİ', 'YENİ MAHALLE AŞIKVEYSEL BULVARI E.Ü.TGB İDARE VE KULUÇKA MRK.-2.BİNASI DIŞ KAPI NO:65 İÇ KAPI NO:24 MELİKGAZİ//KAYSERİ/TÜRKİYE 38039', 9733, '2022-03-28 10:31:44', '[{\\\"door_number_permission\\\":false,\\\"square_meters_permission\\\":false,\\\"email_permission\\\":false,\\\"phone_permission\\\":false,\\\"mobile_phone_permission\\\":false,\\\"web_site_permission\\\":false,\\\"company_description_permission\\\":false,\\\"address_permission\\\":false}]', 0, 1),
(86, 2, 10, 0, 25, 'SUİT YAZILIM SANAYİ', '25,36', 'mailto:info@suityazilim.com', 'tel:0 352 224 81 12 - 13', '(532) 527-50-05', 'https://www.suityazilim.com/', '{\\\"left\\\":54,\\\"top\\\":599.5833435058594,\\\"width\\\":178.7916717529297,\\\"height\\\":30,\\\"x\\\":54,\\\"y\\\":599.5833435058594,\\\"right\\\":232.7916717529297,\\\"bottom\\\":629.5833435058594}', 'SUİT YAZILIM SANAYİ VE TİCARET LİMİTED ŞİRKETİ', 'Suit Yazılım San.Tic.Ltd.Şti., Erciyes Teknopark ,', 8969, '2022-03-28 10:34:05', '[{\\\"door_number_permission\\\":false,\\\"square_meters_permission\\\":false,\\\"email_permission\\\":false,\\\"phone_permission\\\":false,\\\"mobile_phone_permission\\\":false,\\\"web_site_permission\\\":false,\\\"company_description_permission\\\":false,\\\"address_permission\\\":false}]', 0, 1),
(87, 4, 16, 0, 14, 'AKSEL', '25.25', '', '', '', '', '{\\\"left\\\":11.988636016845703,\\\"top\\\":221.5880584716797,\\\"width\\\":61.27840805053711,\\\"height\\\":29.985794067382812,\\\"x\\\":11.988636016845703,\\\"y\\\":221.5880584716797,\\\"right\\\":73.26704406738281,\\\"bottom\\\":251.5738525390625}', 'AKSEL TEKNOLOJİ SANAYİ VE TİCARET LİMİTED ŞİRKETİ', '', 9285, '2022-03-28 10:43:42', '[{\\\"door_number_permission\\\":false,\\\"square_meters_permission\\\":false,\\\"email_permission\\\":false,\\\"phone_permission\\\":false,\\\"mobile_phone_permission\\\":false,\\\"web_site_permission\\\":false,\\\"company_description_permission\\\":false,\\\"address_permission\\\":false}]', 0, 1),
(88, 4, 16, 0, 11, 'BATARYASAN', '24.74', 'info@bataryasan.com', '+90 352 606 06 89', '+90 352 606 06 89', 'https://bataryasan.com', '{\\\"left\\\":201,\\\"top\\\":182.5833282470703,\\\"width\\\":116.76666259765625,\\\"height\\\":30,\\\"x\\\":201,\\\"y\\\":182.5833282470703,\\\"right\\\":317.76666259765625,\\\"bottom\\\":212.5833282470703}', 'BATARYASAN ENERJİ VE SANAYİ TİCARET LİMİTED ŞİRKETİ', 'Yıldırım Beyazıt Mah. Aşık Veysel Bulv., Erciyes Üniv. Tek. Gel. Böl. İdare Kuluçka-4 Binası, Dış Kapı No: 67/3 İç Kapı No: 11, 38030, Melikgazi/KAYSERİ', 9306, '2022-03-28 10:51:15', '[{\\\"door_number_permission\\\":false,\\\"square_meters_permission\\\":false,\\\"email_permission\\\":false,\\\"phone_permission\\\":false,\\\"mobile_phone_permission\\\":false,\\\"web_site_permission\\\":false,\\\"company_description_permission\\\":false,\\\"address_permission\\\":false}]', 0, 1),
(89, 4, 16, 0, 2, 'BİBASOFT', '24.48', 'bilalb@erciyes.edu.tr', '(536) 393-24-79', '(536) 393-24-79', '', '{\\\"left\\\":776,\\\"top\\\":211.5880584716797,\\\"width\\\":89.81533813476562,\\\"height\\\":29.985794067382812,\\\"x\\\":776,\\\"y\\\":211.5880584716797,\\\"right\\\":865.8153381347656,\\\"bottom\\\":241.5738525390625}', 'BİBASOFT İNOVASYON VE YAZILIM ANONİM ŞİRKETİ', 'no 2', 9285, '2022-03-28 10:54:04', '[{\\\"door_number_permission\\\":false,\\\"square_meters_permission\\\":false,\\\"email_permission\\\":false,\\\"phone_permission\\\":false,\\\"mobile_phone_permission\\\":false,\\\"web_site_permission\\\":false,\\\"company_description_permission\\\":false,\\\"address_permission\\\":false}]', 0, 1),
(90, 4, 16, 0, 30, 'BİLİŞİM BİLGİSAYAR', '25.43', 'info@bb.com.tr', '+90 (352) 222 73 93', '+90 (352) 222 73 93', 'https://www.bb.com.tr', '{\\\"left\\\":781,\\\"top\\\":587.5833282470703,\\\"width\\\":165.10000610351562,\\\"height\\\":30,\\\"x\\\":781,\\\"y\\\":587.5833282470703,\\\"right\\\":946.1000061035156,\\\"bottom\\\":617.5833282470703}', 'BİLİŞİM BİLGİSAYAR LTD. ŞTİ.', 'Erciyes Teknopark Tekno 4 Binası No: 33 Melikgazi/KAYSERİ', 9529, '2022-03-28 10:58:32', '[{\\\"door_number_permission\\\":false,\\\"square_meters_permission\\\":false,\\\"email_permission\\\":false,\\\"phone_permission\\\":false,\\\"mobile_phone_permission\\\":false,\\\"web_site_permission\\\":false,\\\"company_description_permission\\\":false,\\\"address_permission\\\":false}]', 0, 1),
(91, 4, 16, 0, 4, 'Bmoonze', '24.04', '', '', '', '', '{\\\"left\\\":626,\\\"top\\\":208.58805847168,\\\"width\\\":84.4666748046875,\\\"height\\\":30,\\\"x\\\":626,\\\"y\\\":208.58805847168,\\\"right\\\":710.4666748046875,\\\"bottom\\\":238.58805847168}', 'Bmoonze', 'no 4', 9285, '2022-03-28 11:00:01', '[{\\\"door_number_permission\\\":false,\\\"square_meters_permission\\\":false,\\\"email_permission\\\":false,\\\"phone_permission\\\":false,\\\"mobile_phone_permission\\\":false,\\\"web_site_permission\\\":false,\\\"company_description_permission\\\":false,\\\"address_permission\\\":false}]', 0, 1),
(92, 4, 16, 0, 27, 'DAPHNE', '23.84', '', '(532) 764-35-77', '', '', '{\\\"left\\\":794,\\\"top\\\":764.5833435058594,\\\"width\\\":80.03334045410156,\\\"height\\\":30,\\\"x\\\":794,\\\"y\\\":764.5833435058594,\\\"right\\\":874.0333404541016,\\\"bottom\\\":794.5833435058594}', 'DAPHNE BİLİŞİM LİMİTED ŞİRKETİ', 'no 27', 9285, '2022-03-28 11:01:54', '[{\\\"door_number_permission\\\":false,\\\"square_meters_permission\\\":false,\\\"email_permission\\\":false,\\\"phone_permission\\\":false,\\\"mobile_phone_permission\\\":false,\\\"web_site_permission\\\":false,\\\"company_description_permission\\\":false,\\\"address_permission\\\":false}]', 0, 1),
(93, 4, 16, 0, 20, 'Defsofcon', '13.20', '', '', '', '', '{\\\"left\\\":426,\\\"top\\\":756.5880584716797,\\\"width\\\":90.42613220214844,\\\"height\\\":29.985794067382812,\\\"x\\\":426,\\\"y\\\":756.5880584716797,\\\"right\\\":516.4261322021484,\\\"bottom\\\":786.5738525390625}', 'Defsofcon', 'no 20', 9285, '2022-03-28 11:03:43', '[{\\\"door_number_permission\\\":false,\\\"square_meters_permission\\\":false,\\\"email_permission\\\":false,\\\"phone_permission\\\":false,\\\"mobile_phone_permission\\\":false,\\\"web_site_permission\\\":false,\\\"company_description_permission\\\":false,\\\"address_permission\\\":false}]', 0, 1),
(94, 4, 16, 0, 19, 'ELA TEKNOLOJİ', '13.20', 'info@elamuhendislik.com.tr', '0555 716 05 65', '', 'https://www.elamuhendislik.com.tr/', '{\\\"left\\\":427,\\\"top\\\":662.5880584716797,\\\"width\\\":131.69033813476562,\\\"height\\\":29.985794067382812,\\\"x\\\":427,\\\"y\\\":662.5880584716797,\\\"right\\\":558.6903381347656,\\\"bottom\\\":692.5738525390625}', 'ELA TEKNOLOJİ', 'Köşk, Erciyes Üniversitesi, Teknoloji Geliştirme Bölgesi, Yıldırım Beyazıt Mahallesi, Aşık Veysel Bulvarı, Tekno 4 Binası No:67-3-19, 38030 Melikgazi/Kayseri', 9310, '2022-03-28 11:07:51', '[{\\\"door_number_permission\\\":false,\\\"square_meters_permission\\\":false,\\\"email_permission\\\":false,\\\"phone_permission\\\":false,\\\"mobile_phone_permission\\\":false,\\\"web_site_permission\\\":false,\\\"company_description_permission\\\":false,\\\"address_permission\\\":false}]', 0, 1),
(95, 4, 16, 0, 12, 'HMS HEALTH MOBİLE SOFTWARE', '25.81', '', '', '', '', '{\\\"left\\\":140,\\\"top\\\":251.58331298828125,\\\"width\\\":269.316650390625,\\\"height\\\":30,\\\"x\\\":140,\\\"y\\\":251.58331298828125,\\\"right\\\":409.316650390625,\\\"bottom\\\":281.58331298828125}', 'HMS HEALTH MOBİLE SOFTWARE SAĞLIK MOBİL YAZILIM VE EĞİTİM ANONİM ŞİRKETİ', 'no 12', 9285, '2022-03-28 11:09:38', '[{\\\"door_number_permission\\\":false,\\\"square_meters_permission\\\":false,\\\"email_permission\\\":false,\\\"phone_permission\\\":false,\\\"mobile_phone_permission\\\":false,\\\"web_site_permission\\\":false,\\\"company_description_permission\\\":false,\\\"address_permission\\\":false}]', 0, 1),
(96, 4, 16, 0, 31, 'KAYNAR ARGE', '14.41', 'mkaynar@kaynargrup.com', '(506) 730-12-30', '', 'http://www.kaynargrup.com', '{\\\"left\\\":786,\\\"top\\\":531.5833282470703,\\\"width\\\":124.33332824707031,\\\"height\\\":30,\\\"x\\\":786,\\\"y\\\":531.5833282470703,\\\"right\\\":910.3333282470703,\\\"bottom\\\":561.5833282470703}', 'KAYNAR ARGE DANIŞMANLIK MAKİNE SANAYİ VE TİCARET LİMİTED ŞİRKETİ', 'no 31', 9285, '2022-03-28 11:12:04', '[{\\\"door_number_permission\\\":false,\\\"square_meters_permission\\\":false,\\\"email_permission\\\":false,\\\"phone_permission\\\":false,\\\"mobile_phone_permission\\\":false,\\\"web_site_permission\\\":false,\\\"company_description_permission\\\":false,\\\"address_permission\\\":false}]', 0, 1),
(97, 4, 16, 0, 24, 'KCM TEKNOLOJİ', '41.92', 'mehmet@kcmteknoloji.com.tr', '+90 850 840 05 26', '+90 850 840 05 26', 'https://kcmteknoloji.com.tr/', '{\\\"left\\\":546.9999847412109,\\\"top\\\":967.5880737304688,\\\"width\\\":138.6221466064453,\\\"height\\\":29.985794067382812,\\\"x\\\":546.9999847412109,\\\"y\\\":967.5880737304688,\\\"right\\\":685.6221313476562,\\\"bottom\\\":997.5738677978516}', 'KCM TEKNOLOJİ ELEKTRİK ELEKTRONİK TASARIM BİLGİSAYAR SANAYİ VE TİCARET LİMİTED ŞİRKETİ', 'KCM Teknoloji Erciyes Teknopark 4. Bina No: 67A/24, 38039 Melikgazi/Kayseri', 9315, '2022-03-28 11:14:18', '[{\\\"door_number_permission\\\":false,\\\"square_meters_permission\\\":false,\\\"email_permission\\\":false,\\\"phone_permission\\\":false,\\\"mobile_phone_permission\\\":false,\\\"web_site_permission\\\":false,\\\"company_description_permission\\\":false,\\\"address_permission\\\":false}]', 0, 1),
(98, 4, 16, 0, 29, 'KORAL YAZILIM VE ARGE', '25.43', '', '(553) 100-28-64', '', '', '{\\\"left\\\":781,\\\"top\\\":643.5833282470703,\\\"width\\\":203.0833282470703,\\\"height\\\":30,\\\"x\\\":781,\\\"y\\\":643.5833282470703,\\\"right\\\":984.0833282470703,\\\"bottom\\\":673.5833282470703}', 'KORAL YAZILIM VE ARGE', 'no 29', 9285, '2022-03-28 11:16:07', '[{\\\"door_number_permission\\\":false,\\\"square_meters_permission\\\":false,\\\"email_permission\\\":false,\\\"phone_permission\\\":false,\\\"mobile_phone_permission\\\":false,\\\"web_site_permission\\\":false,\\\"company_description_permission\\\":false,\\\"address_permission\\\":false}]', 0, 1),
(99, 4, 16, 0, 26, 'KULTAŞ DANIŞMANLIK', '52.98', 'info@lilyumdetoks.com', '', '', 'https://www.lilyumdetoks.com', '{\\\"left\\\":684,\\\"top\\\":839.5880584716797,\\\"width\\\":188.2670440673828,\\\"height\\\":29.985794067382812,\\\"x\\\":684,\\\"y\\\":839.5880584716797,\\\"right\\\":872.2670440673828,\\\"bottom\\\":869.5738525390625}', 'KULTAŞ DANIŞMANLIK', 'no 26', 9317, '2022-03-28 11:18:23', '[{\\\"door_number_permission\\\":false,\\\"square_meters_permission\\\":false,\\\"email_permission\\\":false,\\\"phone_permission\\\":false,\\\"mobile_phone_permission\\\":false,\\\"web_site_permission\\\":false,\\\"company_description_permission\\\":false,\\\"address_permission\\\":false}]', 0, 1),
(100, 4, 16, 0, 8, 'LİFOSBİO TARIM', '26.69', 'lifosbio@gmail.com', '551 425 8032', '551 425 8032', 'http://www.lifosbio.com', '{\\\"left\\\":381,\\\"top\\\":240.58805847168,\\\"width\\\":138.86666870117188,\\\"height\\\":30,\\\"x\\\":381,\\\"y\\\":240.58805847168,\\\"right\\\":519.8666687011719,\\\"bottom\\\":270.58805847168003}', 'LİFOSBİO TARIM ARGE SANAYİ VE TİCARET LİMİTED ŞİRKETİ', 'Yeni Mahalle, Aşık Veysel Bulvarı Erciyes Üniversitesi TGB-3 İdare ve Kuluçka Merkezi No: 67/11 Melikgazi/Kayseri 38039', 9285, '2022-03-28 11:21:03', '[{\\\"door_number_permission\\\":false,\\\"square_meters_permission\\\":false,\\\"email_permission\\\":false,\\\"phone_permission\\\":false,\\\"mobile_phone_permission\\\":false,\\\"web_site_permission\\\":false,\\\"company_description_permission\\\":false,\\\"address_permission\\\":false}]', 0, 1),
(101, 4, 16, 0, 3, 'MAM HİGH', '43.65', 'leventyavuz@me.com', '(050) 764-25-03', '(050) 764-25-03', '', '{\\\"left\\\":694,\\\"top\\\":242.5880584716797,\\\"width\\\":101.23579406738281,\\\"height\\\":29.985794067382812,\\\"x\\\":694,\\\"y\\\":242.5880584716797,\\\"right\\\":795.2357940673828,\\\"bottom\\\":272.5738525390625}', 'MAM HİGH TECH MÜHENDİSLİK LİMİTED ŞİRKETİ', 'no 3', 9295, '2022-03-28 11:23:27', '[{\\\"door_number_permission\\\":false,\\\"square_meters_permission\\\":false,\\\"email_permission\\\":false,\\\"phone_permission\\\":false,\\\"mobile_phone_permission\\\":false,\\\"web_site_permission\\\":false,\\\"company_description_permission\\\":false,\\\"address_permission\\\":false}]', 0, 1),
(102, 4, 16, 0, 7, 'MIPS LABORATUVAR', '21.17', 'info@mipsmedical.com', '0850 888 28 09', '0850 888 28 09', 'https://mipsmedical.com', '{\\\"left\\\":370.00000381469727,\\\"top\\\":198.5881805419922,\\\"width\\\":172.8125,\\\"height\\\":29.985794067382812,\\\"x\\\":370.00000381469727,\\\"y\\\":198.5881805419922,\\\"right\\\":542.8125038146973,\\\"bottom\\\":228.573974609375}', 'MIPS LABORATUVAR ARGE YAZILIM SANAYİ VE TİCARET LİMİTED ŞİRKETİ', 'Yeni Mahalle Aşıkveysel Bulvarı Erciyes Teknopark 67/3 No:7 Melikgazi/KAYSERİ', 9302, '2022-03-28 11:25:09', '[{\\\"door_number_permission\\\":false,\\\"square_meters_permission\\\":false,\\\"email_permission\\\":false,\\\"phone_permission\\\":false,\\\"mobile_phone_permission\\\":false,\\\"web_site_permission\\\":false,\\\"company_description_permission\\\":false,\\\"address_permission\\\":false}]', 0, 1),
(103, 4, 16, 0, 21, 'NÖTRON TASARIM', '14.77', '', '(553) 854-85-41', '(553) 854-85-41', '', '{\\\"left\\\":54,\\\"top\\\":829.5833129882812,\\\"width\\\":157.51666259765625,\\\"height\\\":30,\\\"x\\\":54,\\\"y\\\":829.5833129882812,\\\"right\\\":211.51666259765625,\\\"bottom\\\":859.5833129882812}', 'NÖTRON TASARIM', 'no 21', 9285, '2022-03-28 11:27:33', '[{\\\"door_number_permission\\\":false,\\\"square_meters_permission\\\":false,\\\"email_permission\\\":false,\\\"phone_permission\\\":false,\\\"mobile_phone_permission\\\":false,\\\"web_site_permission\\\":false,\\\"company_description_permission\\\":false,\\\"address_permission\\\":false}]', 0, 1),
(104, 4, 16, 0, 10, 'ROSYVİEN', '25.19', '', '+90 530 224 3010', '+90 530 224 3010', 'http://rosyvien.com', '{\\\"left\\\":262,\\\"top\\\":218.5833282470703,\\\"width\\\":91.98333740234375,\\\"height\\\":30,\\\"x\\\":262,\\\"y\\\":218.5833282470703,\\\"right\\\":353.98333740234375,\\\"bottom\\\":248.5833282470703}', 'ROSYVİEN TEKNOLOJİ VE TASARIM SANAYİ TİCARET LİMİTED ŞİRKETİ', 'Rosyvien Teknoloji ve Tasarım Erciyes Teknopark Kampüsü, Tekno 4 Binası No: 10 Malikgazi, Kayseri', 9304, '2022-03-28 11:30:49', '[{\\\"door_number_permission\\\":false,\\\"square_meters_permission\\\":false,\\\"email_permission\\\":false,\\\"phone_permission\\\":false,\\\"mobile_phone_permission\\\":false,\\\"web_site_permission\\\":false,\\\"company_description_permission\\\":false,\\\"address_permission\\\":false}]', 0, 1),
(105, 4, 16, 0, 5, 'TECHFIRE MÜHENDİSLİK', '23.95', 'techfiremuhendislik@gmail.com', '(542) 397-25-22', '(542) 397-25-22', 'http://techfire.com.tr', '{\\\"left\\\":566,\\\"top\\\":173.58805847167997,\\\"width\\\":200.65000915527344,\\\"height\\\":30,\\\"x\\\":566,\\\"y\\\":173.58805847167997,\\\"right\\\":766.6500091552734,\\\"bottom\\\":203.58805847167997}', 'TECHFIRE MÜHENDİSLİK LİMİTED ŞİRKETİ', 'no 5', 9297, '2022-03-28 11:37:33', '[{\\\"door_number_permission\\\":false,\\\"square_meters_permission\\\":false,\\\"email_permission\\\":false,\\\"phone_permission\\\":false,\\\"mobile_phone_permission\\\":false,\\\"web_site_permission\\\":false,\\\"company_description_permission\\\":false,\\\"address_permission\\\":false}]', 0, 1),
(106, 4, 16, 0, 23, 'USTURLAB', '25.40', 'selimsurguvec@gmail.com', '(537) 914-81-69', '(537) 914-81-69', 'http://www.usturlabarge.com', '{\\\"left\\\":208,\\\"top\\\":994.5881042480469,\\\"width\\\":95.95169830322266,\\\"height\\\":29.985794067382812,\\\"x\\\":208,\\\"y\\\":994.5881042480469,\\\"right\\\":303.95169830322266,\\\"bottom\\\":1024.5738983154297}', 'USTURLAB MÜHENDİSLİK TEKNOLOJİ ARAŞTIRMA GELİŞTİRME SANAYİ VE TİCARET LİMİTED ŞİRKETİ', 'Yeni Mahalle Aşık Veysel Bulvarı Erciyes Teknopark 5. Bina Bodurm Kat No:14', 9285, '2022-03-28 11:39:58', '[{\\\"door_number_permission\\\":false,\\\"square_meters_permission\\\":false,\\\"email_permission\\\":false,\\\"phone_permission\\\":false,\\\"mobile_phone_permission\\\":false,\\\"web_site_permission\\\":false,\\\"company_description_permission\\\":false,\\\"address_permission\\\":false}]', 0, 1),
(107, 4, 16, 0, 28, 'VEHBİ ÇAĞRI GÜNGÖR AKADEMİ', '', 'cagrigungor@gmail.com', '(352) 224-88-00 no 28', '(352) 224-88-00 no 28', '', '{\\\"left\\\":788,\\\"top\\\":713.5833435058594,\\\"width\\\":265.1166687011719,\\\"height\\\":30,\\\"x\\\":788,\\\"y\\\":713.5833435058594,\\\"right\\\":1053.1166687011719,\\\"bottom\\\":743.5833435058594}', 'VEHBİ ÇAĞRI GÜNGÖR AKADEMİ ARGE YAZILIM DANIŞMANLIK ELEKTRİK ELEKTRONİK MÜHENDİSLİK BİLİŞİM', 'no 28', 9285, '2022-03-28 11:41:37', '[{\\\"door_number_permission\\\":false,\\\"square_meters_permission\\\":false,\\\"email_permission\\\":false,\\\"phone_permission\\\":false,\\\"mobile_phone_permission\\\":false,\\\"web_site_permission\\\":false,\\\"company_description_permission\\\":false,\\\"address_permission\\\":false}]', 0, 1),
(108, 4, 16, 0, 6, 'YEDİRENK BİLİŞİM', '26.69', 'bilgi@yedirenktasarim.com', '+90 352 221 17 40', '+90 352 221 17 40', 'https://www.yedirenktasarim.com', '{\\\"left\\\":504,\\\"top\\\":247.58805847168,\\\"width\\\":153.4166717529297,\\\"height\\\":30,\\\"x\\\":504,\\\"y\\\":247.58805847168,\\\"right\\\":657.4166717529297,\\\"bottom\\\":277.58805847168003}', 'YEDİRENK BİLİŞİM TEKNOLOJİK ÜRÜNLER DANIŞMANLIK LİMİTED ŞİRKETİ', 'Erciyes Üniversitesi Teknopark 4.Bina Ofis No : 6 MELİKGAZİ / KAYSERİ', 9299, '2022-03-28 11:44:08', '[{\\\"door_number_permission\\\":false,\\\"square_meters_permission\\\":false,\\\"email_permission\\\":false,\\\"phone_permission\\\":false,\\\"mobile_phone_permission\\\":false,\\\"web_site_permission\\\":false,\\\"company_description_permission\\\":false,\\\"address_permission\\\":false}]', 0, 1),
(109, 4, 16, 0, 1, 'YERLİ NANO ENZİM HİBRİT', '24.30', 'ismailocsoy@erciyes.edu.tr', '(352) 207-66-66', '(352) 207-66-66', '', '{\\\"left\\\":819,\\\"top\\\":263.5880584716797,\\\"width\\\":221.53408813476562,\\\"height\\\":29.985794067382812,\\\"x\\\":819,\\\"y\\\":263.5880584716797,\\\"right\\\":1040.5340881347656,\\\"bottom\\\":293.5738525390625}', 'YERLİ NANO ENZİM HİBRİT TEKNOLOJİSİ ARGE DANIŞMANLIK SANAYİ VE TİCARET LİMİTED ŞİRKETİ', 'no 1', 9285, '2022-03-28 11:46:59', '[{\\\"door_number_permission\\\":false,\\\"square_meters_permission\\\":false,\\\"email_permission\\\":false,\\\"phone_permission\\\":false,\\\"mobile_phone_permission\\\":false,\\\"web_site_permission\\\":false,\\\"company_description_permission\\\":false,\\\"address_permission\\\":false}]', 0, 1),
(110, 4, 17, 0, 40, 'ABG TEKNOLOJİ', '51.65', 'info@abgteknoloji.com', '+90 352 502 00 22', '+90 352 502 00 22', 'http://www.abgteknoloji.com', '{\\\"left\\\":752,\\\"top\\\":578.588134765625,\\\"width\\\":136.2783966064453,\\\"height\\\":29.985794067382812,\\\"x\\\":752,\\\"y\\\":578.588134765625,\\\"right\\\":888.2783966064453,\\\"bottom\\\":608.5739288330078}', 'ABG TEKNOLOJİ SİSTEMLERİ YAZILIM REKLAM EĞİTİM TURİZM SANAYİ VE TİCARET ANONİM ŞİRKETİ', 'Yeni Mah. Aşık Veysel Bulv. Erciyes Teknopark 4. Blok No:40 Melikgazi KAYSERİ', 9330, '2022-03-28 11:52:46', '[{\\\"door_number_permission\\\":false,\\\"square_meters_permission\\\":false,\\\"email_permission\\\":false,\\\"phone_permission\\\":false,\\\"mobile_phone_permission\\\":false,\\\"web_site_permission\\\":false,\\\"company_description_permission\\\":false,\\\"address_permission\\\":false}]', 0, 1),
(111, 4, 17, 0, 38, 'BİLİŞİM BİLGİSAYAR', '35.22', 'info@bb.com.tr', '(352) 222-73-93', '+90 (352) 222 73 93', 'http://www.bb.com.tr', '{\\\"left\\\":634.9999389648438,\\\"top\\\":890.5880432128906,\\\"width\\\":165.09942626953125,\\\"height\\\":29.985794067382812,\\\"x\\\":634.9999389648438,\\\"y\\\":890.5880432128906,\\\"right\\\":800.099365234375,\\\"bottom\\\":920.5738372802734}', 'BİLİŞİM BİLGİSAYAR LTD. ŞTİ.', 'Erciyes Teknopark Tekno 4 Binası No: 33 Melikgazi/KAYSERİ', 9529, '2022-03-28 11:56:15', '[{\\\"door_number_permission\\\":false,\\\"square_meters_permission\\\":false,\\\"email_permission\\\":false,\\\"phone_permission\\\":false,\\\"mobile_phone_permission\\\":false,\\\"web_site_permission\\\":false,\\\"company_description_permission\\\":false,\\\"address_permission\\\":false}]', 0, 1),
(112, 4, 17, 0, 39, 'BİLİŞİM BİLGİSAYAR', '35.22', '', '', '', '', '{\\\"left\\\":754,\\\"top\\\":739.5880432128906,\\\"width\\\":165.09942626953125,\\\"height\\\":29.985794067382812,\\\"x\\\":754,\\\"y\\\":739.5880432128906,\\\"right\\\":919.0994262695312,\\\"bottom\\\":769.5738372802734}', '', '', 0, '2022-03-28 12:01:47', '[{\\\"door_number_permission\\\":false,\\\"square_meters_permission\\\":false,\\\"email_permission\\\":false,\\\"phone_permission\\\":false,\\\"mobile_phone_permission\\\":false,\\\"web_site_permission\\\":false,\\\"company_description_permission\\\":false,\\\"address_permission\\\":false}]', 0, 1),
(113, 4, 17, 0, 33, 'BİLİŞİM BİLGİSAYAR', '139.94', '', '', '', '', '{\\\"left\\\":661,\\\"top\\\":210.5880584716797,\\\"width\\\":165.09942626953125,\\\"height\\\":29.985794067382812,\\\"x\\\":661,\\\"y\\\":210.5880584716797,\\\"right\\\":826.0994262695312,\\\"bottom\\\":240.5738525390625}', '', '', 0, '2022-03-28 12:02:26', '[{\\\"door_number_permission\\\":false,\\\"square_meters_permission\\\":false,\\\"email_permission\\\":false,\\\"phone_permission\\\":false,\\\"mobile_phone_permission\\\":false,\\\"web_site_permission\\\":false,\\\"company_description_permission\\\":false,\\\"address_permission\\\":false}]', 0, 1),
(114, 4, 17, 0, 34, 'ERSER', '86.66', '', '(352) 330-25-25', '(352) 330-25-25', '', '{\\\"left\\\":417,\\\"top\\\":214.5880584716797,\\\"width\\\":60.880680084228516,\\\"height\\\":29.985794067382812,\\\"x\\\":417,\\\"y\\\":214.5880584716797,\\\"right\\\":477.8806800842285,\\\"bottom\\\":244.5738525390625}', 'ERSER DESTEK VE LOJİSTİK HİZMETLERİ TİCARET ANONİM ŞİRKETİ', 'no 34', 9285, '2022-03-28 12:04:29', '[{\\\"door_number_permission\\\":false,\\\"square_meters_permission\\\":false,\\\"email_permission\\\":false,\\\"phone_permission\\\":false,\\\"mobile_phone_permission\\\":false,\\\"web_site_permission\\\":false,\\\"company_description_permission\\\":false,\\\"address_permission\\\":false}]', 0, 1),
(115, 4, 17, 0, 35, 'ESTRON', '50.67', 'info@estronteknoloji.com', '(0352) 330 40 35', '(0352) 330 40 35', 'https://www.estronteknoloji.com/', '{\\\"left\\\":243,\\\"top\\\":206.58805847168,\\\"width\\\":129.921875,\\\"height\\\":30,\\\"x\\\":243,\\\"y\\\":206.58805847168,\\\"right\\\":372.921875,\\\"bottom\\\":236.58805847168}', 'ESTRON KABLOSUZ HABERLEŞME SİSTEMLERİ YAZILIM VE OTOMASYON SAN TİC AŞ', 'Yıldırım Beyazıt Mahallesi Aşık Veysel Bulvarı Erciyes Üniversitesi Teknoloji Geliştirme Bölgesi İdare ve Kuluçka Merkezi-4 No:67/3 İç Kapı No:35, Melikgazi', 9326, '2022-03-28 12:06:37', '[{\\\"door_number_permission\\\":false,\\\"square_meters_permission\\\":false,\\\"email_permission\\\":false,\\\"phone_permission\\\":false,\\\"mobile_phone_permission\\\":false,\\\"web_site_permission\\\":false,\\\"company_description_permission\\\":false,\\\"address_permission\\\":false}]', 0, 1),
(116, 4, 17, 0, 36, 'PERGA', '103.21', 'http://perga.com.tr', '0553 828 08 38', '(0352) 222 15 53', '', '{\\\"left\\\":96,\\\"top\\\":220.5880584716797,\\\"width\\\":65.2414779663086,\\\"height\\\":29.985794067382812,\\\"x\\\":96,\\\"y\\\":220.5880584716797,\\\"right\\\":161.2414779663086,\\\"bottom\\\":250.5738525390625}', 'PERGA YAZ.OTOM.BİL.TEK.SAN.VE TİC.LTD.ŞTİ', 'Erciyes Üniversitesi Teknopark 5. Bina No:40 Melikgazi / KAYSERİ', 9328, '2022-03-28 12:08:38', '[{\\\"door_number_permission\\\":false,\\\"square_meters_permission\\\":false,\\\"email_permission\\\":false,\\\"phone_permission\\\":false,\\\"mobile_phone_permission\\\":false,\\\"web_site_permission\\\":false,\\\"company_description_permission\\\":false,\\\"address_permission\\\":false}]', 0, 1),
(117, 4, 18, 0, 49, 'ARGEA TEKNOLOJİ', '56.12', 'info@argea.com.tr', '+90 352 333 27 43', '+90 352 333 27 43', 'http://www.argea.com.tr', '{\\\"left\\\":647,\\\"top\\\":932.588134765625,\\\"width\\\":156.3068084716797,\\\"height\\\":29.985794067382812,\\\"x\\\":647,\\\"y\\\":932.588134765625,\\\"right\\\":803.3068084716797,\\\"bottom\\\":962.5739288330078}', 'ARGEA TEKNOLOJİ SANAYİ VE TİCARET ANONİM ŞİRKETİ', 'YILDIRIM BEYAZIT MAHALLESİ AŞIKVEYSEL BULVARI E.Ü.TGB İDARE VE KULUÇKA MRK. – 4.BİNASI DIŞ KAPI NO:67/3 İÇ KAPI NO:49 MELİKGAZİ 38039 KAYSERİ TÜRKİYE', 9336, '2022-03-28 01:13:00', '[{\\\"door_number_permission\\\":false,\\\"square_meters_permission\\\":false,\\\"email_permission\\\":false,\\\"phone_permission\\\":false,\\\"mobile_phone_permission\\\":false,\\\"web_site_permission\\\":false,\\\"company_description_permission\\\":false,\\\"address_permission\\\":false}]', 0, 1),
(118, 4, 18, 0, 48, 'ATLAS SAYAÇ', '104.84', 'info@atlassayac.com', '0 352 224 32 84', '0 352 224 32 84', 'http://www.atlassayac.com', '{\\\"left\\\":535.0000610351562,\\\"top\\\":967.5880737304688,\\\"width\\\":115.41192626953125,\\\"height\\\":29.985794067382812,\\\"x\\\":535.0000610351562,\\\"y\\\":967.5880737304688,\\\"right\\\":650.4119873046875,\\\"bottom\\\":997.5738677978516}', 'ATLAS SAYAÇ VE ÖLÇÜ ALETLERİ YAZILIM OTOMASYON SANAYİ VE TİCARET ANONİM ŞİRKETİ', 'Erciyes Üni. Teknopark 4.Bina No:67/A Kat:1 No:48', 9334, '2022-03-28 01:15:31', '[{\\\"door_number_permission\\\":false,\\\"square_meters_permission\\\":false,\\\"email_permission\\\":false,\\\"phone_permission\\\":false,\\\"mobile_phone_permission\\\":false,\\\"web_site_permission\\\":false,\\\"company_description_permission\\\":false,\\\"address_permission\\\":false}]', 0, 1),
(119, 4, 18, 0, 51, 'DETAGEN', '117.08', 'bilgi@detagen.com.tr', '+90 352 2313123', '+90 352 2313123', 'https://www.detagen.com.tr/', '{\\\"left\\\":771,\\\"top\\\":665.5880584716797,\\\"width\\\":86.3210220336914,\\\"height\\\":29.985794067382812,\\\"x\\\":771,\\\"y\\\":665.5880584716797,\\\"right\\\":857.3210220336914,\\\"bottom\\\":695.5738525390625}', 'DETAGEN GENETİK TANI ARAŞTIRMA VE UYGULAMA MERKEZİ ANONİM ŞİRKETİ', 'Tacettin Veli Mah. Deliklitaş Cad. No:12/A PK:38150', 9339, '2022-03-28 01:28:39', '[{\\\"door_number_permission\\\":false,\\\"square_meters_permission\\\":false,\\\"email_permission\\\":false,\\\"phone_permission\\\":false,\\\"mobile_phone_permission\\\":false,\\\"web_site_permission\\\":false,\\\"company_description_permission\\\":false,\\\"address_permission\\\":false}]', 0, 1),
(120, 4, 18, 0, 50, 'DETAGEN', '68.79', '', '', '', '', '{\\\"left\\\":811,\\\"top\\\":865.5880737304688,\\\"width\\\":86.3210220336914,\\\"height\\\":29.985794067382812,\\\"x\\\":811,\\\"y\\\":865.5880737304688,\\\"right\\\":897.3210220336914,\\\"bottom\\\":895.5738677978516}', 'DETAGEN', '', 9339, '2022-03-28 01:29:37', '[{\\\"door_number_permission\\\":false,\\\"square_meters_permission\\\":false,\\\"email_permission\\\":false,\\\"phone_permission\\\":false,\\\"mobile_phone_permission\\\":false,\\\"web_site_permission\\\":false,\\\"company_description_permission\\\":false,\\\"address_permission\\\":false}]', 0, 1),
(121, 4, 18, 0, 45, 'GND OTOMASYON', '50.79', 'info@gndotomasyon.com', '', '', 'http://www.gndotomasyon.com', '{\\\"left\\\":231,\\\"top\\\":241.5880584716797,\\\"width\\\":156.2357940673828,\\\"height\\\":29.985794067382812,\\\"x\\\":231,\\\"y\\\":241.5880584716797,\\\"right\\\":387.2357940673828,\\\"bottom\\\":271.5738525390625}', 'GND OTOMASYON', 'no 45', 9285, '2022-03-28 01:31:27', '[{\\\"door_number_permission\\\":false,\\\"square_meters_permission\\\":false,\\\"email_permission\\\":false,\\\"phone_permission\\\":false,\\\"mobile_phone_permission\\\":false,\\\"web_site_permission\\\":false,\\\"company_description_permission\\\":false,\\\"address_permission\\\":false}]', 0, 1),
(122, 4, 18, 0, 44, 'OCEANNET', '86.84', 'gulsah@oceannet.com.tr', '+90 352 224 64 21', '+90 352 224 64 21', 'https://oceannet.com.tr/', '{\\\"left\\\":424,\\\"top\\\":205.5880584716797,\\\"width\\\":99.40340423583984,\\\"height\\\":29.985794067382812,\\\"x\\\":424,\\\"y\\\":205.5880584716797,\\\"right\\\":523.4034042358398,\\\"bottom\\\":235.5738525390625}', 'OCEANNET', 'Erciyes Üniversitesi Teknopark 4.Blok No:44, Melikgazi / KAYSERİ', 9343, '2022-03-28 01:35:07', '[{\\\"door_number_permission\\\":false,\\\"square_meters_permission\\\":false,\\\"email_permission\\\":false,\\\"phone_permission\\\":false,\\\"mobile_phone_permission\\\":false,\\\"web_site_permission\\\":false,\\\"company_description_permission\\\":false,\\\"address_permission\\\":false}]', 0, 1),
(123, 4, 18, 0, 43, 'ONG MÜHENDİSLİK', '50.10', 'bilgi@ong.com.tr', '(0352) 502 00 77', '(0352) 502 00 77', 'http://ong.com.tr', '{\\\"left\\\":514,\\\"top\\\":233.5880584716797,\\\"width\\\":164.31817626953125,\\\"height\\\":29.985794067382812,\\\"x\\\":514,\\\"y\\\":233.5880584716797,\\\"right\\\":678.3181762695312,\\\"bottom\\\":263.5738525390625}', 'ONG MÜHENDİSLİK ARGE YENİLENEBİLİR ENERJİ MAKİNE İNŞAAT TAAHHÜT SANAYİ VE TİCARET LİMİTED ŞİRKETİ', 'Aşık Veysel Bulvarı Erciyes Teknopark Tekno-4 Binası No:43, 38030 Melikgazi/Kayseri', 9341, '2022-03-28 01:37:09', '[{\\\"door_number_permission\\\":false,\\\"square_meters_permission\\\":false,\\\"email_permission\\\":false,\\\"phone_permission\\\":false,\\\"mobile_phone_permission\\\":false,\\\"web_site_permission\\\":false,\\\"company_description_permission\\\":false,\\\"address_permission\\\":false}]', 0, 1),
(124, 4, 18, 0, 47, 'SAHİR YAZILIM', '181.12', 'info@sahiryazilim.com', '', '(352) 333-48-38', 'https://www.sahiryazilim.com/', '{\\\"left\\\":37,\\\"top\\\":620.59375,\\\"width\\\":129.6875,\\\"height\\\":30,\\\"x\\\":37,\\\"y\\\":620.59375,\\\"right\\\":166.6875,\\\"bottom\\\":650.59375}', 'SAHİR YAZILIM', '', 9332, '2022-03-28 01:39:48', '[{\\\"door_number_permission\\\":false,\\\"square_meters_permission\\\":false,\\\"email_permission\\\":false,\\\"phone_permission\\\":false,\\\"mobile_phone_permission\\\":false,\\\"web_site_permission\\\":false,\\\"company_description_permission\\\":false,\\\"address_permission\\\":false}]', 0, 1),
(125, 3, 12, 0, 12, 'ENTEGREV', '34,05', 'mailto:info@entegrev.com', '', 'tel:(055) 365-12-60', 'http://entegrev.com/', '{\\\"left\\\":451,\\\"top\\\":423.5833435058594,\\\"width\\\":94.14583587646484,\\\"height\\\":30,\\\"x\\\":451,\\\"y\\\":423.5833435058594,\\\"right\\\":545.1458358764648,\\\"bottom\\\":453.5833435058594}', 'eNTEGREV E-TİCARET ÇÖZÜMLERİ', 'YILDIRIM BEYAZIT MAHALLESİ AŞIKVEYSEL BULVARI E.Ü.TGB İDARE VE KULUÇKA -3.BİNASI DIŞ KAPI NO:67 İÇ KAPI NO:12 MELİKGAZİ//KAYSERİ/TÜRKİYE 38039', 0, '2022-03-28 01:52:53', '[{\\\"door_number_permission\\\":false,\\\"square_meters_permission\\\":false,\\\"email_permission\\\":false,\\\"phone_permission\\\":false,\\\"mobile_phone_permission\\\":false,\\\"web_site_permission\\\":false,\\\"company_description_permission\\\":false,\\\"address_permission\\\":false}]', 0, 1),
(126, 3, 12, 0, 17, 'HT BİLİŞİM', '51,38', 'mailto:mailtoht@ht.net.tr', 'tel:0 (352) 222 22 94', 'tel:(549) 494-98-88', 'http://www.ht.web.tr', '{\\\"left\\\":847,\\\"top\\\":595.9166870117188,\\\"width\\\":97.97917175292969,\\\"height\\\":30,\\\"x\\\":847,\\\"y\\\":595.9166870117188,\\\"right\\\":944.9791717529297,\\\"bottom\\\":625.9166870117188}', 'HAKAN TOPUZOĞLU - HT BİLİŞİM EĞİTİM DANIŞMANLIK', 'Erciyes Üniversitesi Teknoloji Geliştirme Bölgesi (Teknopark) Tekno 3 Bina, No:67/17 Melikgazi/KAYSERİ', 9056, '2022-03-28 01:54:48', '[{\\\"door_number_permission\\\":false,\\\"square_meters_permission\\\":false,\\\"email_permission\\\":false,\\\"phone_permission\\\":false,\\\"mobile_phone_permission\\\":false,\\\"web_site_permission\\\":false,\\\"company_description_permission\\\":false,\\\"address_permission\\\":false}]', 0, 1),
(127, 3, 12, 0, 38, 'KC TEK', '453,62', 'mailto:info@kc.com.tr', '', 'tel:(532) 638-46-46', 'https://kc.com.tr/#contact', '{\\\"left\\\":585,\\\"top\\\":837.9166870117188,\\\"width\\\":66.60417175292969,\\\"height\\\":30,\\\"x\\\":585,\\\"y\\\":837.9166870117188,\\\"right\\\":651.6041717529297,\\\"bottom\\\":867.9166870117188}', 'KC TEK', 'Erciyes Teknopark Tekno 3 No:67/38, 38010 Melikgazi/Kayseri', 9060, '2022-03-28 01:56:52', '[{\\\"door_number_permission\\\":false,\\\"square_meters_permission\\\":false,\\\"email_permission\\\":false,\\\"phone_permission\\\":false,\\\"mobile_phone_permission\\\":false,\\\"web_site_permission\\\":false,\\\"company_description_permission\\\":false,\\\"address_permission\\\":false}]', 0, 1),
(128, 3, 12, 0, 13, 'KÖK BİOTEK', '37,69', 'kokyavuz@gmail.com', 'tel:0352 207 66 00', 'tel:(505) 347-88-38', 'http://www.kokbiotek.com.tr/', '{\\\"left\\\":439,\\\"top\\\":257.5833435058594,\\\"width\\\":105.9375,\\\"height\\\":30,\\\"x\\\":439,\\\"y\\\":257.5833435058594,\\\"right\\\":544.9375,\\\"bottom\\\":287.5833435058594}', 'KÖK BİOTEK', 'YENİ Mah. AŞIK VEYSEL Bul. E.Ü.TGB İDARE VE KULUÇKA 3 Apt. No: 67 / 13 MELİKGAZİ / KAYSERİ ADRESNO: 2794934782', 0, '2022-03-28 02:30:49', '[{\\\"door_number_permission\\\":false,\\\"square_meters_permission\\\":false,\\\"email_permission\\\":false,\\\"phone_permission\\\":false,\\\"mobile_phone_permission\\\":false,\\\"web_site_permission\\\":false,\\\"company_description_permission\\\":false,\\\"address_permission\\\":false}]', 0, 1),
(129, 4, 18, 0, 46, 'TURCOSA', '103.27', '', '0-352-503-0902', '0-352-503-0902', 'https://turcosa.com.tr/', '{\\\"left\\\":12,\\\"top\\\":291.59375,\\\"width\\\":87.375,\\\"height\\\":30,\\\"x\\\":12,\\\"y\\\":291.59375,\\\"right\\\":99.375,\\\"bottom\\\":321.59375}', 'TURCOSA ANALİTİK ÇÖZÜMLEMELER YAZILIM TEKNOLOJİ ARGE SANAYİ VE TİCARET LİMİTED ŞİRKETİ', 'Yıldırım Beyazıt Mah. Aşık Veysel Bulvarı Erciyes Üniversitesi Teknoloji Geliştirme Bölgesi İdare Binası ve Kuluçka Merkezi - 4. Binası Dış Kapı No:67/3 Kapı No:85, 38039, Melikgazi/KAYSERİ', 9285, '2022-03-28 02:01:49', '[{\\\"door_number_permission\\\":false,\\\"square_meters_permission\\\":false,\\\"email_permission\\\":false,\\\"phone_permission\\\":false,\\\"mobile_phone_permission\\\":false,\\\"web_site_permission\\\":false,\\\"company_description_permission\\\":false,\\\"address_permission\\\":false}]', 0, 1),
(130, 4, 19, 0, 60, 'FORS BİLİŞİM', '31.21', 'fors@forsbilisim.com', '(0352) 224 32 80', '(0352) 224 32 80', 'http://www.forsbilisim.com', '{\\\"left\\\":602,\\\"top\\\":728.59375,\\\"width\\\":116.21875,\\\"height\\\":30,\\\"x\\\":602,\\\"y\\\":728.59375,\\\"right\\\":718.21875,\\\"bottom\\\":758.59375}', 'FORS BİLİŞİM YAZILIM DONANIM OTOMASYON VE AR-GE HİZMETLERİ SAN. VE TİC. LTD. ŞTİ.', 'Erciyes Üniversitesi Teknoloji Geliştirme Bölgesi, İdari Bina 3 No:303, 38039', 9285, '2022-03-28 02:10:57', '[{\\\"door_number_permission\\\":false,\\\"square_meters_permission\\\":false,\\\"email_permission\\\":false,\\\"phone_permission\\\":false,\\\"mobile_phone_permission\\\":false,\\\"web_site_permission\\\":false,\\\"company_description_permission\\\":false,\\\"address_permission\\\":false}]', 0, 1),
(131, 4, 19, 0, 57, 'İNTERSİS', '', '', '', '', '', '{\\\"left\\\":412,\\\"top\\\":908.59375,\\\"width\\\":83.0625,\\\"height\\\":30,\\\"x\\\":412,\\\"y\\\":908.59375,\\\"right\\\":495.0625,\\\"bottom\\\":938.59375}', 'İNTERSİS', '', 9285, '2022-03-28 02:12:30', '[{\\\"door_number_permission\\\":false,\\\"square_meters_permission\\\":false,\\\"email_permission\\\":false,\\\"phone_permission\\\":false,\\\"mobile_phone_permission\\\":false,\\\"web_site_permission\\\":false,\\\"company_description_permission\\\":false,\\\"address_permission\\\":false}]', 0, 1),
(132, 4, 19, 0, 56, 'İNTERSİS', '', '', '', '', '', '{\\\"left\\\":408,\\\"top\\\":671.59375,\\\"width\\\":83.0625,\\\"height\\\":30,\\\"x\\\":408,\\\"y\\\":671.59375,\\\"right\\\":491.0625,\\\"bottom\\\":701.59375}', 'İNTERSİS', '', 9285, '2022-03-28 02:12:59', '[{\\\"door_number_permission\\\":false,\\\"square_meters_permission\\\":false,\\\"email_permission\\\":false,\\\"phone_permission\\\":false,\\\"mobile_phone_permission\\\":false,\\\"web_site_permission\\\":false,\\\"company_description_permission\\\":false,\\\"address_permission\\\":false}]', 0, 1),
(133, 4, 19, 0, 55, 'İNTERSİS', '', '', '', '', '', '{\\\"left\\\":404,\\\"top\\\":581.59375,\\\"width\\\":83.0625,\\\"height\\\":30,\\\"x\\\":404,\\\"y\\\":581.59375,\\\"right\\\":487.0625,\\\"bottom\\\":611.59375}', 'İNTERSİS', '', 9285, '2022-03-28 02:13:31', '[{\\\"door_number_permission\\\":false,\\\"square_meters_permission\\\":false,\\\"email_permission\\\":false,\\\"phone_permission\\\":false,\\\"mobile_phone_permission\\\":false,\\\"web_site_permission\\\":false,\\\"company_description_permission\\\":false,\\\"address_permission\\\":false}]', 0, 1),
(134, 4, 19, 0, 61, 'LEAN YAZILIM', '64.84', 'info@leanbilisim.com', '', '', '', '{\\\"left\\\":606,\\\"top\\\":612.59375,\\\"width\\\":122.515625,\\\"height\\\":30,\\\"x\\\":606,\\\"y\\\":612.59375,\\\"right\\\":728.515625,\\\"bottom\\\":642.59375}', 'LEAN YAZILIM VE BİLİŞİM TEKNOLOJİLERİ GIDA TARIM HAYVANCILIK SANAYİ VE TİCARET ANONİM ŞİRKETİ', '', 9365, '2022-03-28 02:18:13', '[{\\\"door_number_permission\\\":false,\\\"square_meters_permission\\\":false,\\\"email_permission\\\":false,\\\"phone_permission\\\":false,\\\"mobile_phone_permission\\\":false,\\\"web_site_permission\\\":false,\\\"company_description_permission\\\":false,\\\"address_permission\\\":false}]', 0, 1),
(135, 3, 12, 0, 39, 'NETCOM BİLGİSAYAR YAZILIM', '599,23', 'mailto:info@netcom.com.tr', 'tel:90 352 207 10 00', '(533) 641-54-94', 'http://www.netcom.com.tr', '{\\\"left\\\":812,\\\"top\\\":833.9166870117188,\\\"width\\\":242.2291717529297,\\\"height\\\":30,\\\"x\\\":812,\\\"y\\\":833.9166870117188,\\\"right\\\":1054.2291717529297,\\\"bottom\\\":863.9166870117188}', 'NETCOM BİLGİSAYAR YAZILIM İNTERNET VE TELEKOMİNİKASYON HİZMETLERİ SANAYİ VE TİCARET ANONİM ŞİRKETİ', 'Erciyes Teknopark Tekno 3 No: 67/39', 9064, '2022-03-28 02:25:25', '[{\\\"door_number_permission\\\":false,\\\"square_meters_permission\\\":false,\\\"email_permission\\\":false,\\\"phone_permission\\\":false,\\\"mobile_phone_permission\\\":false,\\\"web_site_permission\\\":false,\\\"company_description_permission\\\":false,\\\"address_permission\\\":false}]', 0, 1),
(136, 4, 19, 0, 54, 'MARS', '51.33', 'info@marsteknoloji.com.tr', '', '', 'https://marsteknoloji.com.tr', '{\\\"left\\\":413,\\\"top\\\":226.59375,\\\"width\\\":59.984375,\\\"height\\\":30,\\\"x\\\":413,\\\"y\\\":226.59375,\\\"right\\\":472.984375,\\\"bottom\\\":256.59375}', 'MARS', 'Yıldırım Beyazıt Mah. Aşık Veysel Blv. No: 67/3 Erciyes Teknopark Tekno-4 No:54 Melikgazi/Kayseri', 9356, '2022-03-28 02:26:10', '[{\\\"door_number_permission\\\":false,\\\"square_meters_permission\\\":false,\\\"email_permission\\\":false,\\\"phone_permission\\\":false,\\\"mobile_phone_permission\\\":false,\\\"web_site_permission\\\":false,\\\"company_description_permission\\\":false,\\\"address_permission\\\":false}]', 0, 1),
(137, 3, 12, 0, 37, 'NETSİM BİLGİSAYAR', '403,09', 'info@netsim.com.tr', '(352) 222-26-28', '(352) 222-57-07', 'http://www.netsim.com.tr', '{\\\"left\\\":216,\\\"top\\\":823.9166717529297,\\\"width\\\":167.2291717529297,\\\"height\\\":30,\\\"x\\\":216,\\\"y\\\":823.9166717529297,\\\"right\\\":383.2291717529297,\\\"bottom\\\":853.9166717529297}', 'NETSİM BİLGİSAYAR', 'Erciyes Teknopark Tekno - 3 No:67/37 Melikgazi/KAYSERİ', 9058, '2022-03-28 02:29:14', '[{\\\"door_number_permission\\\":false,\\\"square_meters_permission\\\":false,\\\"email_permission\\\":false,\\\"phone_permission\\\":false,\\\"mobile_phone_permission\\\":false,\\\"web_site_permission\\\":false,\\\"company_description_permission\\\":false,\\\"address_permission\\\":false}]', 0, 1),
(138, 3, 12, 0, 14, 'NUTRAL TERAPİ BESİNSEL TEDAVİ', '46,21', 'mailto:bilgi@nutraltherapy.com', '(352) 503-40-40', 'tel:https://www.nutraltherapy.com/iletisim/', 'https://www.nutraltherapy.com/iletisim/', '{\\\"left\\\":821,\\\"top\\\":197.58334350585938,\\\"width\\\":271.875,\\\"height\\\":30,\\\"x\\\":821,\\\"y\\\":197.58334350585938,\\\"right\\\":1092.875,\\\"bottom\\\":227.58334350585938}', 'NUTRAL TERAPİ BESİNSEL TEDAVİ ARAŞTIRMA GELİŞTİRME SANAYİ VE TİCARET LİMİTED ŞİRKETİ', 'Yıldırım Beyazıt Mah. Aşık Veysel Blv. Erciyes Üniversitesi Teknopark 3 No: 67/14 38039 Melikgazi Kayseri', 9729, '2022-03-28 02:34:03', '[{\\\"door_number_permission\\\":false,\\\"square_meters_permission\\\":false,\\\"email_permission\\\":false,\\\"phone_permission\\\":false,\\\"mobile_phone_permission\\\":false,\\\"web_site_permission\\\":false,\\\"company_description_permission\\\":false,\\\"address_permission\\\":false}]', 0, 1),
(139, 3, 12, 0, 16, 'OBİLET', '51,26', 'law@obilet.com', '(212) 963-03-53', '', 'http://obilet.com', '{\\\"left\\\":881,\\\"top\\\":470.5833435058594,\\\"width\\\":67.6875,\\\"height\\\":30,\\\"x\\\":881,\\\"y\\\":470.5833435058594,\\\"right\\\":948.6875,\\\"bottom\\\":500.5833435058594}', 'OBİLET', 'Sultan Selim Mah. Yunus Emre Cad. Topçu İş Merk. No:1/11 Kat:3 Kağıthane/İstanbul', 9054, '2022-03-28 02:36:15', '[{\\\"door_number_permission\\\":false,\\\"square_meters_permission\\\":false,\\\"email_permission\\\":false,\\\"phone_permission\\\":false,\\\"mobile_phone_permission\\\":false,\\\"web_site_permission\\\":false,\\\"company_description_permission\\\":false,\\\"address_permission\\\":false}]', 0, 1),
(140, 3, 12, 0, 15, 'OBİLET', '40,58', 'law@obilet.com', '(212) 963-03-53', '', 'http://obilet.com', '{\\\"left\\\":913,\\\"top\\\":328.5833435058594,\\\"width\\\":67.6875,\\\"height\\\":30,\\\"x\\\":913,\\\"y\\\":328.5833435058594,\\\"right\\\":980.6875,\\\"bottom\\\":358.5833435058594}', 'OBİLET', 'Sultan Selim Mah. Yunus Emre Cad. Topçu İş Merk. No:1/11 Kat:3 Kağıthane/İstanbul', 9052, '2022-03-28 02:37:05', '[{\\\"door_number_permission\\\":false,\\\"square_meters_permission\\\":false,\\\"email_permission\\\":false,\\\"phone_permission\\\":false,\\\"mobile_phone_permission\\\":false,\\\"web_site_permission\\\":false,\\\"company_description_permission\\\":false,\\\"address_permission\\\":false}]', 0, 1),
(141, 3, 14, 0, 25, 'ADMATİC TEKNOLOJİ', '54,59', 'mailto:info@admatic.com.tr', '(352) 503-57-57', '(542) 605-25-00', 'http://www.admatic.com.tr/', '{\\\"left\\\":864,\\\"top\\\":217.58334350585938,\\\"width\\\":176.3541717529297,\\\"height\\\":30,\\\"x\\\":864,\\\"y\\\":217.58334350585938,\\\"right\\\":1040.3541717529297,\\\"bottom\\\":247.58334350585938}', 'ADMATİC TEKNOLOJİ ANONİM ŞİRKETİ', 'YENİ MAHALLE AŞIKVEYSEL BULVARI E.Ü.TGB İDARE VE KULUÇKA MERKEZİ -3.BİNASI DIŞ KAPI NO:67 İÇ KAPI 25', 9083, '2022-03-28 02:39:57', '[{\\\"door_number_permission\\\":false,\\\"square_meters_permission\\\":false,\\\"email_permission\\\":false,\\\"phone_permission\\\":false,\\\"mobile_phone_permission\\\":false,\\\"web_site_permission\\\":false,\\\"company_description_permission\\\":false,\\\"address_permission\\\":false}]', 0, 1);
INSERT INTO `wp_stnc_map_floors_locations` (`id`, `building_id`, `floor_id`, `company_category_id`, `door_number`, `company_name`, `square_meters`, `email`, `phone`, `mobile_phone`, `web_site`, `map_location`, `company_description`, `address`, `media_id`, `add_date`, `web_permission`, `is_empty`, `is_show`) VALUES
(142, 3, 14, 0, 29, 'ETTO ERCİYES TEKNOTRANSFER', '34,22', 'info@erciyestto.com', '0352 224 81 12 – 13', '(352) 225-00-9', 'http://www.erciyestto.com/iletisim', '{\\\"left\\\":780,\\\"top\\\":916.9166870117188,\\\"width\\\":255.52084350585938,\\\"height\\\":30,\\\"x\\\":780,\\\"y\\\":916.9166870117188,\\\"right\\\":1035.5208435058594,\\\"bottom\\\":946.9166870117188}', 'ETTO ERCİYES TEKNOTRANSFER OFİS DANIŞMANLIK HİZMETLERİ SANAYİ VE TİCARET LİMİTED ŞİRKETİ', 'riYıldırım Beyazıt Mah. Aşık Veysel Bulvarı E.Ü. TGB idare Binası ve Kuluçka Mrk. 3. Binası 67/29 38039 Melikgazi / KAYSERİ', 9088, '2022-03-28 02:43:53', '[{\\\"door_number_permission\\\":false,\\\"square_meters_permission\\\":false,\\\"email_permission\\\":false,\\\"phone_permission\\\":false,\\\"mobile_phone_permission\\\":false,\\\"web_site_permission\\\":false,\\\"company_description_permission\\\":false,\\\"address_permission\\\":false}]', 0, 1),
(143, 3, 14, 0, 26, 'LİFOS YAZILIM VE BİLİŞİM', '40,13', 'mailto:info@lifos.net', '(352) 224-22-00', '(850) 303-00-63', 'https://lifos.net/', '{\\\"left\\\":831,\\\"top\\\":361.9166717529297,\\\"width\\\":210.3125,\\\"height\\\":30,\\\"x\\\":831,\\\"y\\\":361.9166717529297,\\\"right\\\":1041.3125,\\\"bottom\\\":391.9166717529297}', 'LİFOS YAZILIM VE BİLİŞİM HİZMETLERİ ELEKTRONİK GIDA TURİZM SAN.TİC.LTD.ŞTİ.', 'Erciyes Teknopark Tekno-3 No:26, 38039 Melikgazi/Kayseri', 9086, '2022-03-28 02:46:22', '[{\\\"door_number_permission\\\":false,\\\"square_meters_permission\\\":false,\\\"email_permission\\\":false,\\\"phone_permission\\\":false,\\\"mobile_phone_permission\\\":false,\\\"web_site_permission\\\":false,\\\"company_description_permission\\\":false,\\\"address_permission\\\":false}]', 0, 1),
(144, 3, 15, 0, 30, 'MUDU', '54,68', 'mailto:mudu@mudu.com.tr', '903522246848', '(545) 349-38-38', 'https://www.mudu.com.tr/', '{\\\"left\\\":355,\\\"top\\\":194.58334350585938,\\\"width\\\":64.25,\\\"height\\\":30,\\\"x\\\":355,\\\"y\\\":194.58334350585938,\\\"right\\\":419.25,\\\"bottom\\\":224.58334350585938}', 'MUDU ARGE YAZILIM TEKNOLOJİLERİ SANAYİ VE TİCARET LİMİTED ŞİRKETİ', 'YILDIRIM BEYAZIT MAHALLESİ AŞIKVEYSEL BULVARI E.Ü.TGB İDARE VE KULUÇKA -3.BİNASI DIŞ KAPI NO:67 İÇ KAPI NO:30 MELİKGAZİ//KAYSERİ/TÜRKİYE 38039', 9561, '2022-03-28 02:49:39', '[{\\\"door_number_permission\\\":false,\\\"square_meters_permission\\\":false,\\\"email_permission\\\":false,\\\"phone_permission\\\":false,\\\"mobile_phone_permission\\\":false,\\\"web_site_permission\\\":false,\\\"company_description_permission\\\":false,\\\"address_permission\\\":false}]', 0, 1),
(145, 3, 15, 0, 35, 'NAR', '51,48', 'mailto:info@narteknoloji.com', 'fax:+90 352 224 06 06', '(352) 224-06-06', 'https://www.narteknoloji.com/', '{\\\"left\\\":70,\\\"top\\\":677.9166870117188,\\\"width\\\":48.35416793823242,\\\"height\\\":30,\\\"x\\\":70,\\\"y\\\":677.9166870117188,\\\"right\\\":118.35416793823242,\\\"bottom\\\":707.9166870117188}', 'NAR YAZILIM OTOMASYON MÜHENDİSLİK TEKNOLOJİ EĞİTİM VE DANIŞMANLIK LİMİTED ŞİRKETİ', 'NAR Teknoloji Ltd. Şti. Erciyes Üniversitesi Teknoloji Geliştirme Bölgesi İdare Binası-3, No:35-36 38290 Melikgazi / KAYSERİ', 9567, '2022-03-28 02:52:38', '[{\\\"door_number_permission\\\":false,\\\"square_meters_permission\\\":false,\\\"email_permission\\\":false,\\\"phone_permission\\\":false,\\\"mobile_phone_permission\\\":false,\\\"web_site_permission\\\":false,\\\"company_description_permission\\\":false,\\\"address_permission\\\":false}]', 0, 1),
(146, 3, 15, 0, 31, 'NES', '40,50', 'mailto:info@nesdrive.com', '0 352 311 55 57', '(545) 689-64-44', 'https://www.nesdrive.com/', '{\\\"left\\\":387,\\\"top\\\":379.5833435058594,\\\"width\\\":44.125,\\\"height\\\":30,\\\"x\\\":387,\\\"y\\\":379.5833435058594,\\\"right\\\":431.125,\\\"bottom\\\":409.5833435058594}', 'NES YAZILIM SANAYİ VE TİCARET LİMİTED ŞİRKETİ', 'Erciyes Üniversitesi Teknoloji Geliştirme Merkezi Yeni Mh. Aşık Veysel Bulvarı Tekno-3 No:67/31 Melikgazi / Kayseri / TÜRKİYE', 9563, '2022-03-28 02:55:26', '[{\\\"door_number_permission\\\":false,\\\"square_meters_permission\\\":false,\\\"email_permission\\\":false,\\\"phone_permission\\\":false,\\\"mobile_phone_permission\\\":false,\\\"web_site_permission\\\":false,\\\"company_description_permission\\\":false,\\\"address_permission\\\":false}]', 0, 1),
(147, 3, 15, 0, 32, 'Nilvera', '74,76', 'mailto:info@nilvera.com', 'tel:0352 224 40 10', '543) 623-85-34', 'https://nilvera.com/i', '{\\\"left\\\":375,\\\"top\\\":527.9166870117188,\\\"width\\\":67.89583587646484,\\\"height\\\":30,\\\"x\\\":375,\\\"y\\\":527.9166870117188,\\\"right\\\":442.89583587646484,\\\"bottom\\\":557.9166870117188}', 'NİLVERA YAZILIM VE BİLİŞİM HİZMETLERİ TİC. LTD. ŞTİ.', 'Yıldırım Beyazıt Mah. Aşıkveysel Bulvarı Erciyes Teknopark Binası 3 No : 67/32 Melikgazi / KAYSERİ', 9565, '2022-03-28 02:58:28', '[{\\\"door_number_permission\\\":false,\\\"square_meters_permission\\\":false,\\\"email_permission\\\":false,\\\"phone_permission\\\":false,\\\"mobile_phone_permission\\\":false,\\\"web_site_permission\\\":false,\\\"company_description_permission\\\":false,\\\"address_permission\\\":false}]', 0, 1),
(148, 4, 19, 0, 58, 'MEVADA', '55.99', 'info@mevada.com.tr', '0 (532) 581 87 38', '0 (532) 581 87 38', '', '{\\\"left\\\":523,\\\"top\\\":902.59375,\\\"width\\\":81.8125,\\\"height\\\":30,\\\"x\\\":523,\\\"y\\\":902.59375,\\\"right\\\":604.8125,\\\"bottom\\\":932.59375}', 'MEVADA OTOMASYON MADENCİLİK TESİS SANAYİ TİCARET LİMİTED ŞİRKETİ', 'Yıldırım Beyazıt Mah. Aşık Veysel Blv. E.Ü. TGB İdare ve Kuluçka 4 No:67-3/58, 38080 Melikgazi/Kayseri', 9360, '2022-03-28 03:07:25', '[{\\\"door_number_permission\\\":false,\\\"square_meters_permission\\\":false,\\\"email_permission\\\":false,\\\"phone_permission\\\":false,\\\"mobile_phone_permission\\\":false,\\\"web_site_permission\\\":false,\\\"company_description_permission\\\":false,\\\"address_permission\\\":false}]', 0, 1),
(149, 4, 19, 0, 59, 'TURKUVAZSOFT', '70.21', 'https://www.turkuvazsoft.com/', '05532189534', '05532189534', '', '{\\\"left\\\":638,\\\"top\\\":903.59375,\\\"width\\\":137.328125,\\\"height\\\":30,\\\"x\\\":638,\\\"y\\\":903.59375,\\\"right\\\":775.328125,\\\"bottom\\\":933.59375}', 'TURKUVAZSOFT', 'TURKUVAZSOFT SEO HİZMETLERİ VE YAZILIM LİMİTED ŞİRKETİ', 9362, '2022-03-28 03:10:15', '[{\\\"door_number_permission\\\":false,\\\"square_meters_permission\\\":false,\\\"email_permission\\\":false,\\\"phone_permission\\\":false,\\\"mobile_phone_permission\\\":false,\\\"web_site_permission\\\":false,\\\"company_description_permission\\\":false,\\\"address_permission\\\":false}]', 0, 1),
(150, 4, 19, 1, 53, 'SAFE HARBOR', '40.36', 'info@pma.com.tr', '0 352 503 2023', '0 352 503 2023', 'http://www.pma.com.tr', '{\\\"left\\\":519,\\\"top\\\":220.59375,\\\"width\\\":122.265625,\\\"height\\\":30,\\\"x\\\":519,\\\"y\\\":220.59375,\\\"right\\\":641.265625,\\\"bottom\\\":250.59375}', 'SAFE HARBOR', 'E.Ü. Teknoloji Geliştirme Bölgesi Tekno-4 Binası,67/A/54 Melikgazi/KAYSERİ', 900, '2023-08-17 09:30:58', '', 0, 1),
(151, 4, 19, 0, 52, '', '53.00', '', '', '', '', '{\\\"left\\\":638,\\\"top\\\":243.59375,\\\"width\\\":122.265625,\\\"height\\\":30,\\\"x\\\":638,\\\"y\\\":243.59375,\\\"right\\\":760.265625,\\\"bottom\\\":273.59375}', '', '', 0, '0000-00-00 00:00:00', '[{\\\"door_number_permission\\\":false,\\\"square_meters_permission\\\":false,\\\"email_permission\\\":false,\\\"phone_permission\\\":false,\\\"mobile_phone_permission\\\":false,\\\"web_site_permission\\\":false,\\\"company_description_permission\\\":false,\\\"address_permission\\\":false}]', 1, 1),
(152, 4, 20, 1, 69, 'ABC TEKNOLOJİ', '52.45', 'info@abc.com.tr', '', '', '', '{\\\"left\\\":271,\\\"top\\\":896.59375,\\\"width\\\":134.90625,\\\"height\\\":30,\\\"x\\\":271,\\\"y\\\":896.59375,\\\"right\\\":405.90625,\\\"bottom\\\":926.59375}', '', 'Yeni, Yıldırım Beyazıt Mah.Aşık Veysel Bulvarı No:67, Erciyes Teknopark Tekno4 No:39, 38030 Melikgazi/Kayseri', 9285, '2023-08-17 12:10:28', '', 0, 1),
(153, 4, 20, 0, 68, 'LODOS', '55.87', 'lodosyatirim@gmail.com', '(533) 388-35-75', '', '', '{\\\"left\\\":159,\\\"top\\\":954.59375,\\\"width\\\":66.8125,\\\"height\\\":30,\\\"x\\\":159,\\\"y\\\":954.59375,\\\"right\\\":225.8125,\\\"bottom\\\":984.59375}', 'LODOS', '', 9285, '2022-03-28 03:22:56', '[{\\\"door_number_permission\\\":false,\\\"square_meters_permission\\\":false,\\\"email_permission\\\":false,\\\"phone_permission\\\":false,\\\"mobile_phone_permission\\\":false,\\\"web_site_permission\\\":false,\\\"company_description_permission\\\":false,\\\"address_permission\\\":false}]', 0, 1),
(154, 4, 20, 0, 63, 'SARNET', '40.36', 'info@sarnetbilisim.com', '+90 352 224 54 58', '+90 352 224 54 58', 'http://www.sarnetbilisim.com.tr', '{\\\"left\\\":169,\\\"top\\\":185.59375,\\\"width\\\":75.34375,\\\"height\\\":30,\\\"x\\\":169,\\\"y\\\":185.59375,\\\"right\\\":244.34375,\\\"bottom\\\":215.59375}', 'SARNET', '', 9285, '2022-03-28 03:24:27', '[{\\\"door_number_permission\\\":false,\\\"square_meters_permission\\\":false,\\\"email_permission\\\":false,\\\"phone_permission\\\":false,\\\"mobile_phone_permission\\\":false,\\\"web_site_permission\\\":false,\\\"company_description_permission\\\":false,\\\"address_permission\\\":false}]', 0, 1),
(155, 4, 20, 0, 67, 'SHUTTLE', '70.39', 'baltinisik@andromeda.network', '(545) 200-46-50', '(545) 200-46-50', '', '{\\\"left\\\":35,\\\"top\\\":904.59375,\\\"width\\\":82.5625,\\\"height\\\":30,\\\"x\\\":35,\\\"y\\\":904.59375,\\\"right\\\":117.5625,\\\"bottom\\\":934.59375}', 'SHUTTLE YAZILIM DANIŞMANLIK MÜHENDİSLİK', '', 9285, '2022-03-28 03:27:48', '[{\\\"door_number_permission\\\":false,\\\"square_meters_permission\\\":false,\\\"email_permission\\\":false,\\\"phone_permission\\\":false,\\\"mobile_phone_permission\\\":false,\\\"web_site_permission\\\":false,\\\"company_description_permission\\\":false,\\\"address_permission\\\":false}]', 0, 1),
(156, 4, 20, 0, 66, 'SHUTTLE', '50.67', '', '', '', '', '{\\\"left\\\":30,\\\"top\\\":688.59375,\\\"width\\\":82.5625,\\\"height\\\":30,\\\"x\\\":30,\\\"y\\\":688.59375,\\\"right\\\":112.5625,\\\"bottom\\\":718.59375}', '', '', 9285, '2022-03-28 03:30:29', '[{\\\"door_number_permission\\\":false,\\\"square_meters_permission\\\":false,\\\"email_permission\\\":false,\\\"phone_permission\\\":false,\\\"mobile_phone_permission\\\":false,\\\"web_site_permission\\\":false,\\\"company_description_permission\\\":false,\\\"address_permission\\\":false}]', 0, 1),
(157, 4, 20, 0, 65, 'SHUTTLE', '18.30', '', '', '', '', '{\\\"left\\\":34,\\\"top\\\":579.59375,\\\"width\\\":82.5625,\\\"height\\\":30,\\\"x\\\":34,\\\"y\\\":579.59375,\\\"right\\\":116.5625,\\\"bottom\\\":609.59375}', 'SHUTTLE', '', 9285, '2022-03-28 03:50:18', '[{\\\"door_number_permission\\\":false,\\\"square_meters_permission\\\":false,\\\"email_permission\\\":false,\\\"phone_permission\\\":false,\\\"mobile_phone_permission\\\":false,\\\"web_site_permission\\\":false,\\\"company_description_permission\\\":false,\\\"address_permission\\\":false}]', 0, 1),
(158, 4, 20, 0, 64, 'SHUTTLE', '51.13', '', '', '', '', '{\\\"left\\\":36,\\\"top\\\":228.59375,\\\"width\\\":82.5625,\\\"height\\\":30,\\\"x\\\":36,\\\"y\\\":228.59375,\\\"right\\\":118.5625,\\\"bottom\\\":258.59375}', 'SHUTTLE', '', 9285, '2022-03-28 03:50:57', '[{\\\"door_number_permission\\\":false,\\\"square_meters_permission\\\":false,\\\"email_permission\\\":false,\\\"phone_permission\\\":false,\\\"mobile_phone_permission\\\":false,\\\"web_site_permission\\\":false,\\\"company_description_permission\\\":false,\\\"address_permission\\\":false}]', 0, 1),
(159, 4, 20, 0, 62, 'ULTRASONAR', '52.45', 'https://www.ultrasonar.com.tr/', '(0352) 224 00 44', '(0352) 224 00 44', 'https://www.ultrasonar.com.tr/', '{\\\"left\\\":276,\\\"top\\\":221.59375,\\\"width\\\":119.203125,\\\"height\\\":30,\\\"x\\\":276,\\\"y\\\":221.59375,\\\"right\\\":395.203125,\\\"bottom\\\":251.59375}', 'ULTRASONAR', 'Erciyes Teknopark, Tekno-4, Kat-3, No:62, 38039 Melikgazi', 9285, '2022-03-28 03:52:19', '[{\\\"door_number_permission\\\":false,\\\"square_meters_permission\\\":false,\\\"email_permission\\\":false,\\\"phone_permission\\\":false,\\\"mobile_phone_permission\\\":false,\\\"web_site_permission\\\":false,\\\"company_description_permission\\\":false,\\\"address_permission\\\":false}]', 0, 1),
(160, 5, 21, 0, 13, 'AcanSoft', '46.05', '', '(549) 394-74-84', '', '', '{\\\"left\\\":135,\\\"top\\\":192.59375,\\\"width\\\":82.390625,\\\"height\\\":30,\\\"x\\\":135,\\\"y\\\":192.59375,\\\"right\\\":217.390625,\\\"bottom\\\":222.59375}', 'AcanSoft', 'E.U.TGB IDAR VE KULUKCKA 5 APT, N:67-4-13 YILDIRIM BEYAZIT MAHALLESI ASIK VEYSEL BULVARI, MELIKGAZI 38030, Kayseri Turkey', 9285, '2022-03-29 09:21:19', '[{\\\"door_number_permission\\\":false,\\\"square_meters_permission\\\":false,\\\"email_permission\\\":false,\\\"phone_permission\\\":false,\\\"mobile_phone_permission\\\":false,\\\"web_site_permission\\\":false,\\\"company_description_permission\\\":false,\\\"address_permission\\\":false}]', 0, 1),
(161, 5, 21, 0, 15, 'AKABİYOMED', '24.68', 'akabiyomed@gmail.com', '0506 818 4668', '0506 818 4668', 'http://www.akabiyomed.com/', '{\\\"left\\\":290,\\\"top\\\":227.59375,\\\"width\\\":119.28125,\\\"height\\\":30,\\\"x\\\":290,\\\"y\\\":227.59375,\\\"right\\\":409.28125,\\\"bottom\\\":257.59375}', 'AKABİYOMED BİYOTEKNOLOJİ MEDİKAL VETERİNERLİK HİZMETLERİ TARIMSAL ÜRÜNLER PAZARLAMA DANIŞMANLIK İTHALAT İHRACAT SANAYİ VE TİCARET LİMİTED ŞİRKETİ', 'no 15', 9398, '2022-03-29 09:21:34', '[{\\\"door_number_permission\\\":false,\\\"square_meters_permission\\\":false,\\\"email_permission\\\":false,\\\"phone_permission\\\":false,\\\"mobile_phone_permission\\\":false,\\\"web_site_permission\\\":false,\\\"company_description_permission\\\":false,\\\"address_permission\\\":false}]', 0, 1),
(162, 5, 21, 0, 5, 'ART STRIPE', '18.83', '', '+90 (352) 502 3191', '+90 (352) 502 3191', 'http://www.art-stripe.com', '{\\\"left\\\":19,\\\"top\\\":855.59375,\\\"width\\\":101.375,\\\"height\\\":30,\\\"x\\\":19,\\\"y\\\":855.59375,\\\"right\\\":120.375,\\\"bottom\\\":885.59375}', 'ART STRIPE', 'Erciyes Teknopark Tekno 5 İç Kapı No:5 KAYSERİ', 9381, '2022-03-29 09:33:31', '[{\\\"door_number_permission\\\":false,\\\"square_meters_permission\\\":false,\\\"email_permission\\\":false,\\\"phone_permission\\\":false,\\\"mobile_phone_permission\\\":false,\\\"web_site_permission\\\":false,\\\"company_description_permission\\\":false,\\\"address_permission\\\":false}]', 0, 1),
(163, 5, 21, 0, 12, 'BATRON', '65.04', 'info@batronenerji.com', '', '+90 352 502 53 45', 'https://www.batronenerji.com', '{\\\"left\\\":29,\\\"top\\\":232.59375,\\\"width\\\":78.828125,\\\"height\\\":30,\\\"x\\\":29,\\\"y\\\":232.59375,\\\"right\\\":107.828125,\\\"bottom\\\":262.59375}', 'BATRON ENERJİ A.Ş.', 'Yıldırım Beyazıt Mah. Aşık Veysel Blv. E.Ü. Tgb İdare Ve Kuluçka 5 No:67/4/12 Melikgazi / KAYSERİ', 9391, '2022-03-29 09:35:19', '[{\\\"door_number_permission\\\":false,\\\"square_meters_permission\\\":false,\\\"email_permission\\\":false,\\\"phone_permission\\\":false,\\\"mobile_phone_permission\\\":false,\\\"web_site_permission\\\":false,\\\"company_description_permission\\\":false,\\\"address_permission\\\":false}]', 0, 1),
(164, 5, 21, 0, 26, 'BİLİM AR-GE', '35.66', 'info@bilimcevremerkezi.com', '(352) 224-15-36', '(352) 224-15-36', 'http://www.bilimmuhendislik.com.tr/', '{\\\"left\\\":824,\\\"top\\\":876.59375,\\\"width\\\":110.359375,\\\"height\\\":30,\\\"x\\\":824,\\\"y\\\":876.59375,\\\"right\\\":934.359375,\\\"bottom\\\":906.59375}', 'BİLİM AR-GE TEKNOLOJİK ÇÖZÜMLER ÇEVRE PROJE MERKEZİ İNŞAAT SANAYİ VE LİMİTED ŞİRKETİ', 'no 26', 9409, '2022-03-29 09:38:59', '[{\\\"door_number_permission\\\":false,\\\"square_meters_permission\\\":false,\\\"email_permission\\\":false,\\\"phone_permission\\\":false,\\\"mobile_phone_permission\\\":false,\\\"web_site_permission\\\":false,\\\"company_description_permission\\\":false,\\\"address_permission\\\":false}]', 0, 1),
(165, 5, 21, 0, 17, 'ÇAMLICA', '24.98', 'http://www.tepeenerji.com', '0537 331 57 11', '0537 331 57 11', 'http://www.tepeenerji.com', '{\\\"left\\\":407,\\\"top\\\":194.59375,\\\"width\\\":85.03125,\\\"height\\\":30,\\\"x\\\":407,\\\"y\\\":194.59375,\\\"right\\\":492.03125,\\\"bottom\\\":224.59375}', 'ÇAMLICA YAZILIM VE ENERJİ TEKNOLOJİLERİ ANONİM ŞİRKETİ', 'Yıldırım Beyazıt Mahallesi, Aşık Veysel Blv. 67/4 D:No:17, 38010 Melikgazi/Kayseri', 9285, '2022-03-29 09:38:28', '[{\\\"door_number_permission\\\":false,\\\"square_meters_permission\\\":false,\\\"email_permission\\\":false,\\\"phone_permission\\\":false,\\\"mobile_phone_permission\\\":false,\\\"web_site_permission\\\":false,\\\"company_description_permission\\\":false,\\\"address_permission\\\":false}]', 0, 1),
(166, 5, 21, 0, 23, 'DENSEY', '27.19', 'info@densey.com.tr', '+90 850 532 90 15', '+90 850 532 90 15', 'http://www.densey.com.tr/', '{\\\"left\\\":813,\\\"top\\\":223.59375,\\\"width\\\":74.15625,\\\"height\\\":30,\\\"x\\\":813,\\\"y\\\":223.59375,\\\"right\\\":887.15625,\\\"bottom\\\":253.59375}', 'DENSEY BİLİŞİM TEKNOLOJİ ANONİM ŞİRKETİ KAYSERİ ŞUBESİ', 'Yıldırım Beyazıt Mah. Aşık Veysel Blv. Erciyes Teknopark Yerleşkesi Tekno-5 Binası Zemin Kat No:23 38039 Melikgazi / Kayseri', 9405, '2022-03-29 09:42:26', '[{\\\"door_number_permission\\\":false,\\\"square_meters_permission\\\":false,\\\"email_permission\\\":false,\\\"phone_permission\\\":false,\\\"mobile_phone_permission\\\":false,\\\"web_site_permission\\\":false,\\\"company_description_permission\\\":false,\\\"address_permission\\\":false}]', 0, 1),
(167, 5, 21, 0, 4, 'ERCİYES ARGE MERKEZİ', '17.52', 'kamuran@nny.edu.tr', '(532) 231-31-61', '(532) 231-31-61', '', '{\\\"left\\\":12,\\\"top\\\":905.59375,\\\"width\\\":193.265625,\\\"height\\\":30,\\\"x\\\":12,\\\"y\\\":905.59375,\\\"right\\\":205.265625,\\\"bottom\\\":935.59375}', 'ERCİYES ARGE MERKEZİ MÜHENDİSLİK DANIŞMANLIK SANAYİ VE TİCARET LİMİTED ŞİRKETİ', 'no 4', 9285, '2022-03-29 09:43:52', '[{\\\"door_number_permission\\\":false,\\\"square_meters_permission\\\":false,\\\"email_permission\\\":false,\\\"phone_permission\\\":false,\\\"mobile_phone_permission\\\":false,\\\"web_site_permission\\\":false,\\\"company_description_permission\\\":false,\\\"address_permission\\\":false}]', 0, 1),
(168, 5, 21, 0, 7, 'ERCİYES ZEMİN PROJE MERKEZİ', '17.83', 'erciyeszeminproje@hs03.kep.tr', '(532) 455-28-92', '(532) 455-28-92', '', '{\\\"left\\\":12,\\\"top\\\":764.59375,\\\"width\\\":255.234375,\\\"height\\\":30,\\\"x\\\":12,\\\"y\\\":764.59375,\\\"right\\\":267.234375,\\\"bottom\\\":794.59375}', 'ERCİYES ZEMİN PROJE MERKEZİ MÜHENDİSLİK MÜŞAVİRLİK MÜTEAHHİTLİK SANAYİ TİCARET LİMİTED ŞİRKETİ', 'no 7', 9285, '2022-03-29 09:45:08', '[{\\\"door_number_permission\\\":false,\\\"square_meters_permission\\\":false,\\\"email_permission\\\":false,\\\"phone_permission\\\":false,\\\"mobile_phone_permission\\\":false,\\\"web_site_permission\\\":false,\\\"company_description_permission\\\":false,\\\"address_permission\\\":false}]', 0, 1),
(169, 5, 21, 0, 20, 'HENDESİT', '25.10', 'seyithasoglu@gmail.com', '(530) 918-30-02', '(530) 918-30-02', 'http://www.seyithasoglu.com', '{\\\"left\\\":549,\\\"top\\\":225.59375,\\\"width\\\":91.140625,\\\"height\\\":30,\\\"x\\\":549,\\\"y\\\":225.59375,\\\"right\\\":640.140625,\\\"bottom\\\":255.59375}', 'HENDESİT ARGE YAZILIM VE BİLİŞİM TEKNOLOJİLERİ SANAYİ VE TİCARET LİMİTED ŞİRKETİ', 'no 20', 9285, '2022-03-29 09:47:11', '[{\\\"door_number_permission\\\":false,\\\"square_meters_permission\\\":false,\\\"email_permission\\\":false,\\\"phone_permission\\\":false,\\\"mobile_phone_permission\\\":false,\\\"web_site_permission\\\":false,\\\"company_description_permission\\\":false,\\\"address_permission\\\":false}]', 0, 1),
(170, 5, 21, 0, 9, 'JOKER ARGE', '34.56', 'info@jokeryazilim.com.tr', '(533) 424-04-05', '(533) 424-04-05', 'https://www.jokeryazilim.com.tr/', '{\\\"left\\\":27,\\\"top\\\":594.59375,\\\"width\\\":108.453125,\\\"height\\\":30,\\\"x\\\":27,\\\"y\\\":594.59375,\\\"right\\\":135.453125,\\\"bottom\\\":624.59375}', 'JOKER ARGE YAZILIM DANIŞMANLIK OTOMASYON SANAYİ VE TİCARET LİMİTED ŞİRKETİ', 'IÇ KAPI, YILDIRIM BEYAZIT MAH. ASIK VEYSEL BLV. TEKNOPARK 2 NO: 65, D:NO: 9, 38000 Melikgazi', 9542, '2022-03-29 09:51:46', '[{\\\"door_number_permission\\\":false,\\\"square_meters_permission\\\":false,\\\"email_permission\\\":false,\\\"phone_permission\\\":false,\\\"mobile_phone_permission\\\":false,\\\"web_site_permission\\\":false,\\\"company_description_permission\\\":false,\\\"address_permission\\\":false}]', 0, 1),
(171, 5, 21, 0, 14, 'MUKENO ARGE', '54.86', 'ozgur.esberk@mukeno.com.tr', '+905304692128', '+905304692128', 'http://www.mukeno.com.tr', '{\\\"left\\\":221,\\\"top\\\":173.59375,\\\"width\\\":130.40625,\\\"height\\\":30,\\\"x\\\":221,\\\"y\\\":173.59375,\\\"right\\\":351.40625,\\\"bottom\\\":203.59375}', 'MUKENO ARGE', 'no 14', 9395, '2022-03-29 09:53:27', '[{\\\"door_number_permission\\\":false,\\\"square_meters_permission\\\":false,\\\"email_permission\\\":false,\\\"phone_permission\\\":false,\\\"mobile_phone_permission\\\":false,\\\"web_site_permission\\\":false,\\\"company_description_permission\\\":false,\\\"address_permission\\\":false}]', 0, 1),
(172, 5, 21, 0, 10, 'PROJENIA', '35.65', 'info@projenia.net', '', '', 'http://projenia.net/', '{\\\"left\\\":38,\\\"top\\\":480.59375,\\\"width\\\":90.703125,\\\"height\\\":30,\\\"x\\\":38,\\\"y\\\":480.59375,\\\"right\\\":128.703125,\\\"bottom\\\":510.59375}', 'PROJENIA ARGE VE MÜŞAVİRLİK HİZMETLERİ LİMİTED ŞİRKETİ', 'Erciyes Oniver sitesi TGB idare ve Kuluçka Merkezi No:Bl0 Melikgazi/Kayseri', 9285, '2022-03-29 09:54:50', '[{\\\"door_number_permission\\\":false,\\\"square_meters_permission\\\":false,\\\"email_permission\\\":false,\\\"phone_permission\\\":false,\\\"mobile_phone_permission\\\":false,\\\"web_site_permission\\\":false,\\\"company_description_permission\\\":false,\\\"address_permission\\\":false}]', 0, 1),
(173, 5, 21, 0, 6, 'RİJİT', '19.10', 'fatih@erciyes.edu.tr', '', '(532) 570-72-13', '', '{\\\"left\\\":36,\\\"top\\\":812.59375,\\\"width\\\":51.09375,\\\"height\\\":30,\\\"x\\\":36,\\\"y\\\":812.59375,\\\"right\\\":87.09375,\\\"bottom\\\":842.59375}', 'RİJİT', 'no 6', 9285, '2022-03-29 09:58:04', '[{\\\"door_number_permission\\\":false,\\\"square_meters_permission\\\":false,\\\"email_permission\\\":false,\\\"phone_permission\\\":false,\\\"mobile_phone_permission\\\":false,\\\"web_site_permission\\\":false,\\\"company_description_permission\\\":false,\\\"address_permission\\\":false}]', 0, 1),
(174, 5, 21, 0, 19, 'ŞATANA', '24.99', 'azizsatana@hotmail.com', '', '(533) 627-14-96', '', '{\\\"left\\\":508,\\\"top\\\":176.59375,\\\"width\\\":76.5,\\\"height\\\":30,\\\"x\\\":508,\\\"y\\\":176.59375,\\\"right\\\":584.5,\\\"bottom\\\":206.59375}', 'ŞATANA', 'no 19', 9285, '2022-03-29 09:59:30', '[{\\\"door_number_permission\\\":false,\\\"square_meters_permission\\\":false,\\\"email_permission\\\":false,\\\"phone_permission\\\":false,\\\"mobile_phone_permission\\\":false,\\\"web_site_permission\\\":false,\\\"company_description_permission\\\":false,\\\"address_permission\\\":false}]', 0, 1),
(175, 5, 21, 0, 11, 'SEZYUM', '34.50', 'info@sezyumbilisim.com', '(035) 221-91-25', '(035) 221-91-25', 'https://www.sezyumbilisim.com', '{\\\"left\\\":43,\\\"top\\\":388.59375,\\\"width\\\":77.796875,\\\"height\\\":30,\\\"x\\\":43,\\\"y\\\":388.59375,\\\"right\\\":120.796875,\\\"bottom\\\":418.59375}', 'SEZYUM BİLGİ TEKNOLOJİLERİ LİMİTED ŞİRKETİ', 'Yıldırım Beyazıt Mah. Aşık Veysel Bulvarı Erciyes Üniversitesi Teknopark Tekno5 No:67/4-11 Melikgazi /KAYSERİ', 9389, '2022-03-29 10:01:13', '[{\\\"door_number_permission\\\":false,\\\"square_meters_permission\\\":false,\\\"email_permission\\\":false,\\\"phone_permission\\\":false,\\\"mobile_phone_permission\\\":false,\\\"web_site_permission\\\":false,\\\"company_description_permission\\\":false,\\\"address_permission\\\":false}]', 0, 1),
(176, 5, 21, 0, 2, 'SİMURG', '53.47', 'info@simurgtech.com', '+90 532 165 70 35', '+90 532 165 70 35', '', '{\\\"left\\\":217,\\\"top\\\":980.59375,\\\"width\\\":76.59375,\\\"height\\\":30,\\\"x\\\":217,\\\"y\\\":980.59375,\\\"right\\\":293.59375,\\\"bottom\\\":1010.59375}', 'SİMURG OTOMASYON TEKNOLOJİ SANAYİ TİCARET ANONİM ŞİRKETİ', 'YILDIRIM BEYAZIT MAH. AŞIK VEYSEL BUL. ERCİYES ÜNİ. TEK. GELİŞTİRME BÖL. İDARE BİNMASI VE KULUÇKA MRK. 5. BİNASI NO:67/4 İÇ KAPI NO:2 Melikgazi, Kayseri', 9377, '2022-03-29 10:02:48', '[{\\\"door_number_permission\\\":false,\\\"square_meters_permission\\\":false,\\\"email_permission\\\":false,\\\"phone_permission\\\":false,\\\"mobile_phone_permission\\\":false,\\\"web_site_permission\\\":false,\\\"company_description_permission\\\":false,\\\"address_permission\\\":false}]', 0, 1),
(177, 5, 21, 0, 24, 'SOLIDELECTRON', '52.04', '', '444 12 05', '444 12 05', 'http://www.solidelectron.com', '{\\\"left\\\":813,\\\"top\\\":545.59375,\\\"width\\\":139.78125,\\\"height\\\":30,\\\"x\\\":813,\\\"y\\\":545.59375,\\\"right\\\":952.78125,\\\"bottom\\\":575.59375}', 'SOLIDELECTRON KONTROL TEKNOLOJİLERİ SANAYİ VE TİCARET ANONİM ŞİRKETİ', 'Teknopark 5. Bina No: 24, 38039 Melikgazi/Kayseri', 9407, '2022-03-29 10:04:24', '[{\\\"door_number_permission\\\":false,\\\"square_meters_permission\\\":false,\\\"email_permission\\\":false,\\\"phone_permission\\\":false,\\\"mobile_phone_permission\\\":false,\\\"web_site_permission\\\":false,\\\"company_description_permission\\\":false,\\\"address_permission\\\":false}]', 0, 1),
(178, 5, 21, 0, 22, 'STY', '57.86', '', '', '', '', '{\\\"left\\\":754,\\\"top\\\":192.59375,\\\"width\\\":42.375,\\\"height\\\":30,\\\"x\\\":754,\\\"y\\\":192.59375,\\\"right\\\":796.375,\\\"bottom\\\":222.59375}', 'STY YATIRIM MARKA VE DANIŞMANLIK SANAYİ TİCARET LİMİTED ŞİRKETİ', 'no 22', 9285, '2022-03-29 10:13:41', '[{\\\"door_number_permission\\\":false,\\\"square_meters_permission\\\":false,\\\"email_permission\\\":false,\\\"phone_permission\\\":false,\\\"mobile_phone_permission\\\":false,\\\"web_site_permission\\\":false,\\\"company_description_permission\\\":false,\\\"address_permission\\\":false}]', 0, 1),
(179, 5, 21, 0, 21, 'TEDİ ARGE', '56.49', 'acerit@erciyes.edu.tr', '', '', 'https://www.tediarge.com.tr/', '{\\\"left\\\":626,\\\"top\\\":193.59375,\\\"width\\\":94.609375,\\\"height\\\":30,\\\"x\\\":626,\\\"y\\\":193.59375,\\\"right\\\":720.609375,\\\"bottom\\\":223.59375}', 'TEDİ ARGE YAZILIM MÜHENDİSLİK EĞİTİM TİC. VE SAN.LTD.ŞTİ.', 'Aşık Veysel Bulvarı 67A Kayseri, TR', 9403, '2022-03-29 10:15:31', '[{\\\"door_number_permission\\\":false,\\\"square_meters_permission\\\":false,\\\"email_permission\\\":false,\\\"phone_permission\\\":false,\\\"mobile_phone_permission\\\":false,\\\"web_site_permission\\\":false,\\\"company_description_permission\\\":false,\\\"address_permission\\\":false}]', 0, 1),
(180, 5, 21, 0, 8, 'TEKDEN', '33.46', 'info@tekdenyazilim.com', '0 533 700 03 03', '0 533 700 03 03', 'http://www.tekdenyazilim.com', '{\\\"left\\\":33,\\\"top\\\":680.59375,\\\"width\\\":75.234375,\\\"height\\\":30,\\\"x\\\":33,\\\"y\\\":680.59375,\\\"right\\\":108.234375,\\\"bottom\\\":710.59375}', 'TEKDEN YAZILIM DANIŞMANLIK VE BİLİŞİM SİSTEMLERİ', 'Erciyes Üniversitesi Teknopark İdari Bina 5 No : 8', 9385, '2022-03-29 10:17:04', '[{\\\"door_number_permission\\\":false,\\\"square_meters_permission\\\":false,\\\"email_permission\\\":false,\\\"phone_permission\\\":false,\\\"mobile_phone_permission\\\":false,\\\"web_site_permission\\\":false,\\\"company_description_permission\\\":false,\\\"address_permission\\\":false}]', 0, 1),
(181, 5, 21, 0, 3, 'TEKNOMORF', '63.96', '', '0555 722 66 38', '0555 722 66 38', '', '{\\\"left\\\":24,\\\"top\\\":997.59375,\\\"width\\\":113.265625,\\\"height\\\":30,\\\"x\\\":24,\\\"y\\\":997.59375,\\\"right\\\":137.265625,\\\"bottom\\\":1027.59375}', 'TEKNOMORF EĞİTİM İNOVASYON SANAYİ VE TİCARET LİMİTED ŞİRKETİ', 'Yıldırım Beyazıt Mah. Aşık Veysel Blv. ERÜ TGB Tekno 5 Binası No: 67/4/3, 38039 Melikgazi/Kayseri', 9285, '2022-03-29 10:23:56', '[{\\\"door_number_permission\\\":false,\\\"square_meters_permission\\\":false,\\\"email_permission\\\":false,\\\"phone_permission\\\":false,\\\"mobile_phone_permission\\\":false,\\\"web_site_permission\\\":false,\\\"company_description_permission\\\":false,\\\"address_permission\\\":false}]', 0, 1),
(182, 5, 21, 0, 18, 'TURKSTEM', '25.09', '', '', '', '', '{\\\"left\\\":457,\\\"top\\\":249.59375,\\\"width\\\":97.953125,\\\"height\\\":30,\\\"x\\\":457,\\\"y\\\":249.59375,\\\"right\\\":554.953125,\\\"bottom\\\":279.59375}', 'TURKSTEM', 'no 18', 9285, '2022-03-29 10:28:51', '[{\\\"door_number_permission\\\":false,\\\"square_meters_permission\\\":false,\\\"email_permission\\\":false,\\\"phone_permission\\\":false,\\\"mobile_phone_permission\\\":false,\\\"web_site_permission\\\":false,\\\"company_description_permission\\\":false,\\\"address_permission\\\":false}]', 0, 1),
(183, 5, 21, 0, 28, 'VALENTİS', '49.09', '', '', '', 'https://valentisbiotech.com', '{\\\"left\\\":620,\\\"top\\\":877.59375,\\\"width\\\":87.84375,\\\"height\\\":30,\\\"x\\\":620,\\\"y\\\":877.59375,\\\"right\\\":707.84375,\\\"bottom\\\":907.59375}', 'VALENTİS BİYOTEKNOLOJİ VE ARGE ANONİM ŞİRKETİ', 'VALENTİS BİYOTEKNOLOJİ VE ARGE A.Ş. Erciyes Teknopark 5. Blok No: 28 Kayseri', 9411, '2022-03-29 10:31:57', '[{\\\"door_number_permission\\\":false,\\\"square_meters_permission\\\":false,\\\"email_permission\\\":false,\\\"phone_permission\\\":false,\\\"mobile_phone_permission\\\":false,\\\"web_site_permission\\\":false,\\\"company_description_permission\\\":false,\\\"address_permission\\\":false}]', 0, 1),
(184, 5, 21, 0, 16, 'YEKTİN YAZILIM', '24.68', 'nk@yektin.com', '+9 0352 22466 61', '+9 0352 22466 61', 'http://www.yektin.com', '{\\\"left\\\":352,\\\"top\\\":165.59375,\\\"width\\\":137.46875,\\\"height\\\":30,\\\"x\\\":352,\\\"y\\\":165.59375,\\\"right\\\":489.46875,\\\"bottom\\\":195.59375}', 'YEKTİN YAZILIM', 'Erciyes teknopark, 5.Bina Num.67/B-16, 38039 Melikgazi / Kayseri', 9285, '2022-03-29 10:33:49', '[{\\\"door_number_permission\\\":false,\\\"square_meters_permission\\\":false,\\\"email_permission\\\":false,\\\"phone_permission\\\":false,\\\"mobile_phone_permission\\\":false,\\\"web_site_permission\\\":false,\\\"company_description_permission\\\":false,\\\"address_permission\\\":false}]', 0, 1),
(185, 5, 21, 0, 27, 'BİLİM ARGE', '35.45', '', '', '', '', '{\\\"left\\\":719,\\\"top\\\":885.59375,\\\"width\\\":103.734375,\\\"height\\\":30,\\\"x\\\":719,\\\"y\\\":885.59375,\\\"right\\\":822.734375,\\\"bottom\\\":915.59375}', 'BİLİM ARGE', '', 9285, '2022-03-29 10:35:17', '[{\\\"door_number_permission\\\":false,\\\"square_meters_permission\\\":false,\\\"email_permission\\\":false,\\\"phone_permission\\\":false,\\\"mobile_phone_permission\\\":false,\\\"web_site_permission\\\":false,\\\"company_description_permission\\\":false,\\\"address_permission\\\":false}]', 0, 1),
(186, 5, 22, 0, 45, 'ALBATROS SAVUNMA', '51.93', 'info@alarmsansavunma.com.tr', '+90 850 259 03 83', '+90 850 259 03 83', 'http://www.alarmsansavunma.com.tr', '{\\\"left\\\":755,\\\"top\\\":625.59375,\\\"width\\\":179.78125,\\\"height\\\":30,\\\"x\\\":755,\\\"y\\\":625.59375,\\\"right\\\":934.78125,\\\"bottom\\\":655.59375}', 'ALBATROS SAVUNMA VE GÜVENLİK SİSTEMLERİ SANAYİ TİCARET LİMİTED ŞİRKETİ', 'SAHABİYE MAH. METE CAD. NO:46/A 38010 KOCASİNAN / KAYSERİ', 9428, '2022-03-29 10:41:42', '[{\\\"door_number_permission\\\":false,\\\"square_meters_permission\\\":false,\\\"email_permission\\\":false,\\\"phone_permission\\\":false,\\\"mobile_phone_permission\\\":false,\\\"web_site_permission\\\":false,\\\"company_description_permission\\\":false,\\\"address_permission\\\":false}]', 0, 1),
(187, 5, 22, 0, 33, 'ANDOR YAZILIM', '51.84', 'info@andor.com.tr', '0533 627 65 51', '0533 627 65 51', 'http://andor.com.tr/', '{\\\"left\\\":20,\\\"top\\\":586.59375,\\\"width\\\":139.96875,\\\"height\\\":30,\\\"x\\\":20,\\\"y\\\":586.59375,\\\"right\\\":159.96875,\\\"bottom\\\":616.59375}', 'ANDOR YAZILIM', 'Yıldırım Beyazıt mahallesi Aşık Veysel Bulvarı Erciyes Üniversitesi TGB İdare ve Kuluçka 5 kapıno:67/4 daireno:33 MELİKGAZİ/KAYSERİ', 9285, '2022-03-29 10:44:40', '[{\\\"door_number_permission\\\":false,\\\"square_meters_permission\\\":false,\\\"email_permission\\\":false,\\\"phone_permission\\\":false,\\\"mobile_phone_permission\\\":false,\\\"web_site_permission\\\":false,\\\"company_description_permission\\\":false,\\\"address_permission\\\":false}]', 0, 1),
(188, 5, 22, 0, 48, 'ATAK ULAŞIM', '69.25', 'info@atakulasim.com', '+90 (212) 321 2230', '+90 (212) 321 2230', 'http://www.atakulasim.com/', '{\\\"left\\\":644,\\\"top\\\":874.59375,\\\"width\\\":119.140625,\\\"height\\\":30,\\\"x\\\":644,\\\"y\\\":874.59375,\\\"right\\\":763.140625,\\\"bottom\\\":904.59375}', 'ATAK ULAŞIM ELEKTRONİK SANAYİ VE TİCARET LİMİTED ŞİRKETİ KAYSERİ TEKNOPARK ŞUBESİ', 'Yeni Mah. Aşık Veysel Bul. No:67 Erciyes Teknopark 5. Blok Oda No:48 Melikgazi/ KAYSERİ', 9433, '2022-03-29 10:46:56', '[{\\\"door_number_permission\\\":false,\\\"square_meters_permission\\\":false,\\\"email_permission\\\":false,\\\"phone_permission\\\":false,\\\"mobile_phone_permission\\\":false,\\\"web_site_permission\\\":false,\\\"company_description_permission\\\":false,\\\"address_permission\\\":false}]', 0, 1),
(189, 5, 22, 0, 46, 'BAHRİ BABA', '51.93', 'z.sinop@psh-steuerberatung.de', '', '', 'https://www.bahribaba.com.tr/', '{\\\"left\\\":792,\\\"top\\\":752.59375,\\\"width\\\":110.71875,\\\"height\\\":30,\\\"x\\\":792,\\\"y\\\":752.59375,\\\"right\\\":902.71875,\\\"bottom\\\":782.59375}', 'BAHRİ BABA MASİF PREFABRİK İNŞAAT SANAYİ LİMİTED ŞİRKETİ', 'Yıldırım Beyazit Mh. Aşık Veysel Blv. E.Ü TGB İdare ve Kuluçka 5 kapı No: 67/4 Daire No: 46 Melikgazi/ KAYSERİ', 9430, '2022-03-29 10:49:11', '[{\\\"door_number_permission\\\":false,\\\"square_meters_permission\\\":false,\\\"email_permission\\\":false,\\\"phone_permission\\\":false,\\\"mobile_phone_permission\\\":false,\\\"web_site_permission\\\":false,\\\"company_description_permission\\\":false,\\\"address_permission\\\":false}]', 0, 1),
(190, 5, 22, 0, 47, 'BİOPEP', '78.52', 'onurozcan001@gmail.com', '(312) 285-37-00', '(312) 285-37-00', '', '{\\\"left\\\":809,\\\"top\\\":838.59375,\\\"width\\\":69.640625,\\\"height\\\":30,\\\"x\\\":809,\\\"y\\\":838.59375,\\\"right\\\":878.640625,\\\"bottom\\\":868.59375}', 'BİOPEP', 'no 47', 9285, '2022-03-29 10:52:06', '[{\\\"door_number_permission\\\":false,\\\"square_meters_permission\\\":false,\\\"email_permission\\\":false,\\\"phone_permission\\\":false,\\\"mobile_phone_permission\\\":false,\\\"web_site_permission\\\":false,\\\"company_description_permission\\\":false,\\\"address_permission\\\":false}]', 0, 1),
(191, 5, 22, 0, 35, 'ÇINAR BILGISAYAR', '53.50', 'bilgi@cinarbilgisayar.com.tr', '0 (352) 222 43 25', '0 (352) 222 43 25', 'http://cinarbilgisayar.com.tr', '{\\\"left\\\":29,\\\"top\\\":378.59375,\\\"width\\\":156.578125,\\\"height\\\":30,\\\"x\\\":29,\\\"y\\\":378.59375,\\\"right\\\":185.578125,\\\"bottom\\\":408.59375}', 'ÇINAR BILGISAYAR', 'Aşık Veysel Bulvarı Erciyes Üniversitesi Teknoloji Geliştirme Bölgesi. 5. Bina(67/B) No:35 Melikgazi KAYSERİ', 9417, '2022-03-29 10:55:07', '[{\\\"door_number_permission\\\":false,\\\"square_meters_permission\\\":false,\\\"email_permission\\\":false,\\\"phone_permission\\\":false,\\\"mobile_phone_permission\\\":false,\\\"web_site_permission\\\":false,\\\"company_description_permission\\\":false,\\\"address_permission\\\":false}]', 0, 1),
(192, 5, 22, 0, 37, 'CUSTİMESH', '46.92', 'duygukilic4838@gmail.com', '', '(505) 312-33-51', '', '{\\\"left\\\":137,\\\"top\\\":195.59375,\\\"width\\\":104.03125,\\\"height\\\":30,\\\"x\\\":137,\\\"y\\\":195.59375,\\\"right\\\":241.03125,\\\"bottom\\\":225.59375}', 'CUSTİMESH', '', 9285, '2022-03-29 10:56:25', '[{\\\"door_number_permission\\\":false,\\\"square_meters_permission\\\":false,\\\"email_permission\\\":false,\\\"phone_permission\\\":false,\\\"mobile_phone_permission\\\":false,\\\"web_site_permission\\\":false,\\\"company_description_permission\\\":false,\\\"address_permission\\\":false}]', 0, 1),
(193, 5, 22, 0, 40, 'İPEKYOLU YAZILIM', '50.18', 'fsahin@ipekbilgisayar.com', '(532) 383-76-43', '(532) 383-76-43', 'http://www.ipekyoluyazilim.com', '{\\\"left\\\":409,\\\"top\\\":226.59375,\\\"width\\\":156.375,\\\"height\\\":30,\\\"x\\\":409,\\\"y\\\":226.59375,\\\"right\\\":565.375,\\\"bottom\\\":256.59375}', 'İPEKYOLU YAZILIM', 'no 40', 9285, '2022-03-29 10:58:59', '[{\\\"door_number_permission\\\":false,\\\"square_meters_permission\\\":false,\\\"email_permission\\\":false,\\\"phone_permission\\\":false,\\\"mobile_phone_permission\\\":false,\\\"web_site_permission\\\":false,\\\"company_description_permission\\\":false,\\\"address_permission\\\":false}]', 0, 1),
(194, 5, 22, 0, 34, 'KOÇ VE KOÇ TEKNOLOJİ', '50.20', '2kteknoloji@gmail.com', '+90 13521 222 60 67', '+90 13521 222 60 67', '', '{\\\"left\\\":20,\\\"top\\\":486.59375,\\\"width\\\":195.515625,\\\"height\\\":30,\\\"x\\\":20,\\\"y\\\":486.59375,\\\"right\\\":215.515625,\\\"bottom\\\":516.59375}', 'KOÇ VE KOÇ TEKNOLOJİ', 'Erciyes Teknopark 5 \\\"Aşıkveysel Bulvarı 678/34 KAYSERİ', 9415, '2022-03-29 11:01:49', '[{\\\"door_number_permission\\\":false,\\\"square_meters_permission\\\":false,\\\"email_permission\\\":false,\\\"phone_permission\\\":false,\\\"mobile_phone_permission\\\":false,\\\"web_site_permission\\\":false,\\\"company_description_permission\\\":false,\\\"address_permission\\\":false}]', 0, 1),
(195, 5, 22, 0, 41, 'MAİCROS', '51.78', 'info@maicros.com', '(053) 362-16-04', '(053) 362-16-04', 'https://maicros.com', '{\\\"left\\\":542,\\\"top\\\":193.59375,\\\"width\\\":87.015625,\\\"height\\\":30,\\\"x\\\":542,\\\"y\\\":193.59375,\\\"right\\\":629.015625,\\\"bottom\\\":223.59375}', 'MAİCROS', 'Erciyes Teknopark, Tekno-5, Zemin kat, No:41 38039 Melikgazi/Kayseri', 9426, '2022-03-29 11:03:25', '[{\\\"door_number_permission\\\":false,\\\"square_meters_permission\\\":false,\\\"email_permission\\\":false,\\\"phone_permission\\\":false,\\\"mobile_phone_permission\\\":false,\\\"web_site_permission\\\":false,\\\"company_description_permission\\\":false,\\\"address_permission\\\":false}]', 0, 1),
(196, 5, 22, 0, 39, 'MAİNTY', '51.47', 'info@mainty.com.tr', '', '+90 312 220 52 91', 'http://www.mainty.com.tr', '{\\\"left\\\":333,\\\"top\\\":216.59375,\\\"width\\\":77.6875,\\\"height\\\":30,\\\"x\\\":333,\\\"y\\\":216.59375,\\\"right\\\":410.6875,\\\"bottom\\\":246.59375}', 'MAİNTY TEKNOLOJİ ANONİM ŞİRKETİ ERCİYES TEKNOPARK ŞUBESİ', 'no 39', 9423, '2022-03-29 11:05:22', '[{\\\"door_number_permission\\\":false,\\\"square_meters_permission\\\":false,\\\"email_permission\\\":false,\\\"phone_permission\\\":false,\\\"mobile_phone_permission\\\":false,\\\"web_site_permission\\\":false,\\\"company_description_permission\\\":false,\\\"address_permission\\\":false}]', 0, 1),
(197, 5, 22, 0, 38, 'MİNİYOL', '57.39', 'bilgi@miniyol.com', '+902167840813', '+902167840813', 'https://www.miniyol.com/tr/', '{\\\"left\\\":261,\\\"top\\\":202.59375,\\\"width\\\":81.71875,\\\"height\\\":30,\\\"x\\\":261,\\\"y\\\":202.59375,\\\"right\\\":342.71875,\\\"bottom\\\":232.59375}', 'MİNİYOL', 'Erciyes Teknopark Kuluçka 5 Binası No:56 Melikgazi / Kayseri', 9421, '2022-03-29 11:06:58', '[{\\\"door_number_permission\\\":false,\\\"square_meters_permission\\\":false,\\\"email_permission\\\":false,\\\"phone_permission\\\":false,\\\"mobile_phone_permission\\\":false,\\\"web_site_permission\\\":false,\\\"company_description_permission\\\":false,\\\"address_permission\\\":false}]', 0, 1),
(198, 5, 22, 0, 36, 'NİNOVA YAZILIM', '63.27', 'arifdag8731@gmail.com', '(507) 453-06-22', '(507) 453-06-22', '', '{\\\"left\\\":12,\\\"top\\\":197.59375,\\\"width\\\":145.28125,\\\"height\\\":30,\\\"x\\\":12,\\\"y\\\":197.59375,\\\"right\\\":157.28125,\\\"bottom\\\":227.59375}', 'NİNOVA YAZILIM', 'Yeni, Aşık Veysel Blv. No:67, 38030 Melikgazi/Kayseri', 9285, '2022-03-29 11:09:34', '[{\\\"door_number_permission\\\":false,\\\"square_meters_permission\\\":false,\\\"email_permission\\\":false,\\\"phone_permission\\\":false,\\\"mobile_phone_permission\\\":false,\\\"web_site_permission\\\":false,\\\"company_description_permission\\\":false,\\\"address_permission\\\":false}]', 0, 1),
(199, 5, 22, 0, 29, 'TUSAŞ', '80.75', '', '', '', '', '{\\\"left\\\":234,\\\"top\\\":962.59375,\\\"width\\\":64.140625,\\\"height\\\":30,\\\"x\\\":234,\\\"y\\\":962.59375,\\\"right\\\":298.140625,\\\"bottom\\\":992.59375}', 'TUSAŞ', 'no 29', 9569, '2022-03-29 11:11:04', '[{\\\"door_number_permission\\\":false,\\\"square_meters_permission\\\":false,\\\"email_permission\\\":false,\\\"phone_permission\\\":false,\\\"mobile_phone_permission\\\":false,\\\"web_site_permission\\\":false,\\\"company_description_permission\\\":false,\\\"address_permission\\\":false}]', 0, 1),
(200, 5, 23, 0, 53, 'ADO YAZILIM', '51.93', 'info@adosoft.com.tr', '(0352) 224 00 20', '(0352) 224 00 20', 'http://www.adosoft.com.tr', '{\\\"left\\\":50,\\\"top\\\":681.59375,\\\"width\\\":116.875,\\\"height\\\":30,\\\"x\\\":50,\\\"y\\\":681.59375,\\\"right\\\":166.875,\\\"bottom\\\":711.59375}', 'ADO YAZILIM', 'Yeni Mah. Aşık Veysel Bulv. Erciyes Üniversitesi TGB 5. Bina Kat:1 No:53 Melikgazi / Kayseri / TURKEY', 9440, '2022-03-29 02:46:30', '[{\\\"door_number_permission\\\":false,\\\"square_meters_permission\\\":false,\\\"email_permission\\\":false,\\\"phone_permission\\\":false,\\\"mobile_phone_permission\\\":false,\\\"web_site_permission\\\":false,\\\"company_description_permission\\\":false,\\\"address_permission\\\":false}]', 0, 1),
(201, 5, 23, 0, 54, 'AF/AC Bilişim', '51.93', '', '', '0506 876 38 61', '', '{\\\"left\\\":64,\\\"top\\\":582.59375,\\\"width\\\":116.21875,\\\"height\\\":30,\\\"x\\\":64,\\\"y\\\":582.59375,\\\"right\\\":180.21875,\\\"bottom\\\":612.59375}', 'AF/AC Bilişim', 'Yıldırım Beyazıt Mahallesi Melikgazi Aşık Veysel Bulvarı Erciyes Üniversitesi Teknopark Tekno 5 No 54, 38140 Melikgazi/Kayseri', 9285, '2022-03-29 02:47:49', '[{\\\"door_number_permission\\\":false,\\\"square_meters_permission\\\":false,\\\"email_permission\\\":false,\\\"phone_permission\\\":false,\\\"mobile_phone_permission\\\":false,\\\"web_site_permission\\\":false,\\\"company_description_permission\\\":false,\\\"address_permission\\\":false}]', 0, 1),
(202, 5, 23, 0, 55, 'BİES GLOBAL', '50.27', 'info@biesglobal.com', '', '0 532 204 84 86', 'https://biesglobal.com/', '{\\\"left\\\":51,\\\"top\\\":481.59375,\\\"width\\\":112.203125,\\\"height\\\":30,\\\"x\\\":51,\\\"y\\\":481.59375,\\\"right\\\":163.203125,\\\"bottom\\\":511.59375}', 'BİES GLOBAL DENETİM DANIŞMANLIK YAZILIM VE EĞİTİM HİZMETLERİ LİMİTED ŞİRKETİ', 'https://biesglobal.com/', 9443, '2022-03-29 02:49:04', '[{\\\"door_number_permission\\\":false,\\\"square_meters_permission\\\":false,\\\"email_permission\\\":false,\\\"phone_permission\\\":false,\\\"mobile_phone_permission\\\":false,\\\"web_site_permission\\\":false,\\\"company_description_permission\\\":false,\\\"address_permission\\\":false}]', 0, 1),
(203, 5, 23, 0, 59, 'BLUE OCEAN', '78.16', 'bodevelopment2020@gmail.com', '(535) 980-08-88', '', '', '{\\\"left\\\":381,\\\"top\\\":209.59375,\\\"width\\\":111.375,\\\"height\\\":30,\\\"x\\\":381,\\\"y\\\":209.59375,\\\"right\\\":492.375,\\\"bottom\\\":239.59375}', 'BLUE OCEAN DEVELOPMENT YAZILIM LİMİTED ŞİRKETİ', '', 9285, '2022-03-29 02:50:46', '[{\\\"door_number_permission\\\":false,\\\"square_meters_permission\\\":false,\\\"email_permission\\\":false,\\\"phone_permission\\\":false,\\\"mobile_phone_permission\\\":false,\\\"web_site_permission\\\":false,\\\"company_description_permission\\\":false,\\\"address_permission\\\":false}]', 0, 1),
(204, 5, 23, 0, 65, 'Ekomera', '80.18', '', '', '', '', '{\\\"left\\\":823,\\\"top\\\":838.59375,\\\"width\\\":79.3125,\\\"height\\\":30,\\\"x\\\":823,\\\"y\\\":838.59375,\\\"right\\\":902.3125,\\\"bottom\\\":868.59375}', '', '', 9285, '2022-03-29 02:52:29', '[{\\\"door_number_permission\\\":false,\\\"square_meters_permission\\\":false,\\\"email_permission\\\":false,\\\"phone_permission\\\":false,\\\"mobile_phone_permission\\\":false,\\\"web_site_permission\\\":false,\\\"company_description_permission\\\":false,\\\"address_permission\\\":false}]', 0, 1),
(205, 5, 23, 0, 52, 'ER KAY', '53.88', '', '', '(530) 664-05-78', '', '{\\\"left\\\":55,\\\"top\\\":792.59375,\\\"width\\\":67.515625,\\\"height\\\":30,\\\"x\\\":55,\\\"y\\\":792.59375,\\\"right\\\":122.515625,\\\"bottom\\\":822.59375}', 'ER KAY İNTERNET VE ARACILIK HİZMETLERİ', '', 9285, '2022-03-29 02:54:10', '[{\\\"door_number_permission\\\":false,\\\"square_meters_permission\\\":false,\\\"email_permission\\\":false,\\\"phone_permission\\\":false,\\\"mobile_phone_permission\\\":false,\\\"web_site_permission\\\":false,\\\"company_description_permission\\\":false,\\\"address_permission\\\":false}]', 0, 1),
(206, 5, 23, 0, 64, 'İVMENET', '', 'https://www.ivmenet.com/', '', '0850 532 49 57', '', '{\\\"left\\\":810,\\\"top\\\":728.59375,\\\"width\\\":84.25,\\\"height\\\":30,\\\"x\\\":810,\\\"y\\\":728.59375,\\\"right\\\":894.25,\\\"bottom\\\":758.59375}', 'İVMENET YAZILIM BİLİŞİM TEKNOLOJİ ÇÖZÜMLERİ SANAYİ TİCARET LİMİTED ŞİRKETİ', 'Erciyes Üniversitesi Teknoloji Geliştirme Bölgesi İdare Binası ve Kuluçka Merkezi 5. Binası Dış Kapı No: 67/4 İç Kapı No: 64 38030', 9452, '2022-03-29 02:55:54', '[{\\\"door_number_permission\\\":false,\\\"square_meters_permission\\\":false,\\\"email_permission\\\":false,\\\"phone_permission\\\":false,\\\"mobile_phone_permission\\\":false,\\\"web_site_permission\\\":false,\\\"company_description_permission\\\":false,\\\"address_permission\\\":false}]', 0, 1),
(207, 5, 23, 0, 57, 'MAZAKA YAZILIM', '92.83', '', '', '', '', '{\\\"left\\\":34,\\\"top\\\":216.59375,\\\"width\\\":151.03125,\\\"height\\\":30,\\\"x\\\":34,\\\"y\\\":216.59375,\\\"right\\\":185.03125,\\\"bottom\\\":246.59375}', '', '', 9285, '2022-03-29 02:57:28', '[{\\\"door_number_permission\\\":false,\\\"square_meters_permission\\\":false,\\\"email_permission\\\":false,\\\"phone_permission\\\":false,\\\"mobile_phone_permission\\\":false,\\\"web_site_permission\\\":false,\\\"company_description_permission\\\":false,\\\"address_permission\\\":false}]', 0, 1),
(208, 5, 23, 0, 58, 'MAZAKA YAZILIM', '76.93', '', '', '', '', '{\\\"left\\\":181,\\\"top\\\":192.59375,\\\"width\\\":151.03125,\\\"height\\\":30,\\\"x\\\":181,\\\"y\\\":192.59375,\\\"right\\\":332.03125,\\\"bottom\\\":222.59375}', '', '', 9285, '2022-03-29 02:58:03', '[{\\\"door_number_permission\\\":false,\\\"square_meters_permission\\\":false,\\\"email_permission\\\":false,\\\"phone_permission\\\":false,\\\"mobile_phone_permission\\\":false,\\\"web_site_permission\\\":false,\\\"company_description_permission\\\":false,\\\"address_permission\\\":false}]', 0, 1),
(209, 5, 23, 0, 61, 'MİX TEKNOLOJİ', '76.62', '', '', '(507) 346-27-78', 'https://www.mixteknoloji.com/', '{\\\"left\\\":649,\\\"top\\\":185.59375,\\\"width\\\":134.28125,\\\"height\\\":30,\\\"x\\\":649,\\\"y\\\":185.59375,\\\"right\\\":783.28125,\\\"bottom\\\":215.59375}', 'MİX TEKNOLOJİ', '', 9285, '2022-03-29 02:59:53', '[{\\\"door_number_permission\\\":false,\\\"square_meters_permission\\\":false,\\\"email_permission\\\":false,\\\"phone_permission\\\":false,\\\"mobile_phone_permission\\\":false,\\\"web_site_permission\\\":false,\\\"company_description_permission\\\":false,\\\"address_permission\\\":false}]', 0, 1),
(210, 5, 23, 0, 49, 'MOLEKÜL', '71.34', 'bilgi@molekulyazilim.com', '', '0 850 251 11 38', 'https://molekulyazilim.com/', '{\\\"left\\\":239,\\\"top\\\":954.59375,\\\"width\\\":88.28125,\\\"height\\\":30,\\\"x\\\":239,\\\"y\\\":954.59375,\\\"right\\\":327.28125,\\\"bottom\\\":984.59375}', 'MOLEKÜL', '', 9436, '2022-03-29 03:04:31', '[{\\\"door_number_permission\\\":false,\\\"square_meters_permission\\\":false,\\\"email_permission\\\":false,\\\"phone_permission\\\":false,\\\"mobile_phone_permission\\\":false,\\\"web_site_permission\\\":false,\\\"company_description_permission\\\":false,\\\"address_permission\\\":false}]', 0, 1),
(211, 5, 23, 0, 51, 'OAG EĞİTİM', '56.26', '', '', '0352 234 17 18', '', '{\\\"left\\\":27,\\\"top\\\":884.59375,\\\"width\\\":107.5,\\\"height\\\":30,\\\"x\\\":27,\\\"y\\\":884.59375,\\\"right\\\":134.5,\\\"bottom\\\":914.59375}', 'OAG EĞİTİM', '', 9285, '2022-03-29 03:06:30', '[{\\\"door_number_permission\\\":false,\\\"square_meters_permission\\\":false,\\\"email_permission\\\":false,\\\"phone_permission\\\":false,\\\"mobile_phone_permission\\\":false,\\\"web_site_permission\\\":false,\\\"company_description_permission\\\":false,\\\"address_permission\\\":false}]', 0, 1),
(212, 5, 23, 0, 60, 'ORCABİT', '76.79', '', '', '(352) 503-80-38', 'http://www.orcabit.com/', '{\\\"left\\\":525,\\\"top\\\":213.59375,\\\"width\\\":82.359375,\\\"height\\\":30,\\\"x\\\":525,\\\"y\\\":213.59375,\\\"right\\\":607.359375,\\\"bottom\\\":243.59375}', 'ORCABİT', '', 9285, '2022-03-29 03:07:47', '[{\\\"door_number_permission\\\":false,\\\"square_meters_permission\\\":false,\\\"email_permission\\\":false,\\\"phone_permission\\\":false,\\\"mobile_phone_permission\\\":false,\\\"web_site_permission\\\":false,\\\"company_description_permission\\\":false,\\\"address_permission\\\":false}]', 0, 1);
INSERT INTO `wp_stnc_map_floors_locations` (`id`, `building_id`, `floor_id`, `company_category_id`, `door_number`, `company_name`, `square_meters`, `email`, `phone`, `mobile_phone`, `web_site`, `map_location`, `company_description`, `address`, `media_id`, `add_date`, `web_permission`, `is_empty`, `is_show`) VALUES
(213, 5, 23, 0, 66, 'TURKUVAZ', '76.74', '', '', '+90 352 311 55 67', '', '{\\\"left\\\":656,\\\"top\\\":876.59375,\\\"width\\\":98.328125,\\\"height\\\":30,\\\"x\\\":656,\\\"y\\\":876.59375,\\\"right\\\":754.328125,\\\"bottom\\\":906.59375}', 'TURKUVAZ İNOVASYON SİSTEM ÇÖZÜMLERİ ENDÜSTRİYEL OTOMASYON YAZILIM MÜHENDİSLİK DANIŞMANLIK SANAYİ VE TİCARET ANONİM ŞİRKETİ', '', 9547, '2022-03-29 03:09:39', '[{\\\"door_number_permission\\\":false,\\\"square_meters_permission\\\":false,\\\"email_permission\\\":false,\\\"phone_permission\\\":false,\\\"mobile_phone_permission\\\":false,\\\"web_site_permission\\\":false,\\\"company_description_permission\\\":false,\\\"address_permission\\\":false}]', 0, 1),
(214, 5, 24, 0, 74, 'ARGERF', '92.59', 'arge@argebilisim.com.tr', '+90 (352) 224 22 40', '+90 (352) 224 22 40', '', '{\\\"left\\\":65,\\\"top\\\":201.59375,\\\"width\\\":74.203125,\\\"height\\\":30,\\\"x\\\":65,\\\"y\\\":201.59375,\\\"right\\\":139.203125,\\\"bottom\\\":231.59375}', 'Erciyes Üniversitesi Teknopark 5.Bina No:73-74 Melikgazi/Kayseri', 'Erciyes Üniversitesi Teknopark 5.Bina No:73-74 Melikgazi/Kayseri', 9464, '2022-03-29 05:48:53', '[{\\\"door_number_permission\\\":false,\\\"square_meters_permission\\\":false,\\\"email_permission\\\":false,\\\"phone_permission\\\":false,\\\"mobile_phone_permission\\\":false,\\\"web_site_permission\\\":false,\\\"company_description_permission\\\":false,\\\"address_permission\\\":false}]', 0, 1),
(215, 5, 24, 0, 81, 'ASERSAN', '80.44', '', '+90 352 341 1 341', '+90 352 341 1 341', '', '{\\\"left\\\":814,\\\"top\\\":870.59375,\\\"width\\\":86.046875,\\\"height\\\":30,\\\"x\\\":814,\\\"y\\\":870.59375,\\\"right\\\":900.046875,\\\"bottom\\\":900.59375}', 'ASERSAN', 'ASERSAN', 9549, '2022-03-29 05:50:03', '[{\\\"door_number_permission\\\":false,\\\"square_meters_permission\\\":false,\\\"email_permission\\\":false,\\\"phone_permission\\\":false,\\\"mobile_phone_permission\\\":false,\\\"web_site_permission\\\":false,\\\"company_description_permission\\\":false,\\\"address_permission\\\":false}]', 0, 1),
(216, 5, 24, 0, 69, 'EBS', '54.33', 'info@otomotivanaliz.com', '', '', '', '{\\\"left\\\":86,\\\"top\\\":783.59375,\\\"width\\\":41.75,\\\"height\\\":30,\\\"x\\\":86,\\\"y\\\":783.59375,\\\"right\\\":127.75,\\\"bottom\\\":813.59375}', 'EBS ANALİZ OTOMOTİV YÖNETİM DANIŞMANLIĞI SANAYİ VE TİCARET ANONİM ŞİRKETİ', 'EBS ANALİZ OTOMOTİV YÖNETİM DANIŞMANLIĞI SANAYİ VE TİCARET ANONİM ŞİRKETİ', 9456, '2022-03-29 05:51:15', '[{\\\"door_number_permission\\\":false,\\\"square_meters_permission\\\":false,\\\"email_permission\\\":false,\\\"phone_permission\\\":false,\\\"mobile_phone_permission\\\":false,\\\"web_site_permission\\\":false,\\\"company_description_permission\\\":false,\\\"address_permission\\\":false}]', 0, 1),
(217, 5, 24, 0, 70, 'ERBE', '51.93', '', '', '', '', '{\\\"left\\\":80,\\\"top\\\":691.59375,\\\"width\\\":51.734375,\\\"height\\\":30,\\\"x\\\":80,\\\"y\\\":691.59375,\\\"right\\\":131.734375,\\\"bottom\\\":721.59375}', 'ERBE', 'ERBE', 9458, '2022-03-29 05:52:16', '[{\\\"door_number_permission\\\":false,\\\"square_meters_permission\\\":false,\\\"email_permission\\\":false,\\\"phone_permission\\\":false,\\\"mobile_phone_permission\\\":false,\\\"web_site_permission\\\":false,\\\"company_description_permission\\\":false,\\\"address_permission\\\":false}]', 0, 1),
(218, 5, 24, 0, 75, 'FRATELLİ', '76.67', 'destek@evdekibakicim.com', '(212) 951-02-01', '(212) 951-02-01', '', '{\\\"left\\\":218,\\\"top\\\":194.59375,\\\"width\\\":82.21875,\\\"height\\\":30,\\\"x\\\":218,\\\"y\\\":194.59375,\\\"right\\\":300.21875,\\\"bottom\\\":224.59375}', 'FRATELLİ', 'FRATELLİ', 9285, '2022-03-29 05:53:33', '[{\\\"door_number_permission\\\":false,\\\"square_meters_permission\\\":false,\\\"email_permission\\\":false,\\\"phone_permission\\\":false,\\\"mobile_phone_permission\\\":false,\\\"web_site_permission\\\":false,\\\"company_description_permission\\\":false,\\\"address_permission\\\":false}]', 0, 1),
(219, 5, 24, 0, 80, 'GİANT', '51.93', '', '554) 578-73-43', '554) 578-73-43', '', '{\\\"left\\\":799,\\\"top\\\":741.59375,\\\"width\\\":63.71875,\\\"height\\\":30,\\\"x\\\":799,\\\"y\\\":741.59375,\\\"right\\\":862.71875,\\\"bottom\\\":771.59375}', 'GİANT', 'GİANT', 9285, '2022-03-29 05:55:05', '[{\\\"door_number_permission\\\":false,\\\"square_meters_permission\\\":false,\\\"email_permission\\\":false,\\\"phone_permission\\\":false,\\\"mobile_phone_permission\\\":false,\\\"web_site_permission\\\":false,\\\"company_description_permission\\\":false,\\\"address_permission\\\":false}]', 0, 1),
(220, 5, 24, 0, 82, 'KAYTEN', '76.75', 'tahir@kayten.com.tr', '(352) 224-11-21', '(352) 224-11-21', '', '{\\\"left\\\":634,\\\"top\\\":873.59375,\\\"width\\\":75,\\\"height\\\":30,\\\"x\\\":634,\\\"y\\\":873.59375,\\\"right\\\":709,\\\"bottom\\\":903.59375}', 'KAYTEN', 'KAYTEN', 9285, '2022-03-29 05:56:06', '[{\\\"door_number_permission\\\":false,\\\"square_meters_permission\\\":false,\\\"email_permission\\\":false,\\\"phone_permission\\\":false,\\\"mobile_phone_permission\\\":false,\\\"web_site_permission\\\":false,\\\"company_description_permission\\\":false,\\\"address_permission\\\":false}]', 0, 1),
(221, 5, 24, 0, 72, 'SA YAZILIM', '50.27', 'info@sayazilim.com', '', '', 'https://www.sayazilim.com/', '{\\\"left\\\":55,\\\"top\\\":486.59375,\\\"width\\\":101.921875,\\\"height\\\":30,\\\"x\\\":55,\\\"y\\\":486.59375,\\\"right\\\":156.921875,\\\"bottom\\\":516.59375}', 'SA YAZILIM', 'SA YAZILIM', 9460, '2022-03-29 05:57:18', '[{\\\"door_number_permission\\\":false,\\\"square_meters_permission\\\":false,\\\"email_permission\\\":false,\\\"phone_permission\\\":false,\\\"mobile_phone_permission\\\":false,\\\"web_site_permission\\\":false,\\\"company_description_permission\\\":false,\\\"address_permission\\\":false}]', 0, 1),
(222, 5, 24, 0, 73, 'SAVOTEK', '53.56', 'info@savotek.com.tr', '0 850 255 11 22', '0 850 255 11 22', '', '{\\\"left\\\":62,\\\"top\\\":402.59375,\\\"width\\\":83.75,\\\"height\\\":30,\\\"x\\\":62,\\\"y\\\":402.59375,\\\"right\\\":145.75,\\\"bottom\\\":432.59375}', 'SAVOTEK', 'no 73', 9462, '2022-03-29 05:58:54', '[{\\\"door_number_permission\\\":false,\\\"square_meters_permission\\\":false,\\\"email_permission\\\":false,\\\"phone_permission\\\":false,\\\"mobile_phone_permission\\\":false,\\\"web_site_permission\\\":false,\\\"company_description_permission\\\":false,\\\"address_permission\\\":false}]', 0, 1),
(223, 5, 24, 0, 77, 'TANE YAZILIM', '85.31', 'taneyazilim@gmail.com', '(507) 453-06-22', '(507) 453-06-22', '', '{\\\"left\\\":779,\\\"top\\\":228.59375,\\\"width\\\":122.359375,\\\"height\\\":30,\\\"x\\\":779,\\\"y\\\":228.59375,\\\"right\\\":901.359375,\\\"bottom\\\":258.59375}', 'TANE YAZILIM', 'TANE YAZILIM', 9285, '2022-03-29 06:00:03', '[{\\\"door_number_permission\\\":false,\\\"square_meters_permission\\\":false,\\\"email_permission\\\":false,\\\"phone_permission\\\":false,\\\"mobile_phone_permission\\\":false,\\\"web_site_permission\\\":false,\\\"company_description_permission\\\":false,\\\"address_permission\\\":false}]', 0, 1),
(224, 5, 24, 0, 67, 'VİİTA CONCEPT', '96.38', 'uemit.bas@vital-monitor.com', '(530) 145-81-33', '(530) 145-81-33', 'http://www.vital-monitor.com', '{\\\"left\\\":198,\\\"top\\\":944.59375,\\\"width\\\":131,\\\"height\\\":30,\\\"x\\\":198,\\\"y\\\":944.59375,\\\"right\\\":329,\\\"bottom\\\":974.59375}', 'VİİTA CONCEPT', '', 9454, '2022-03-29 06:01:22', '[{\\\"door_number_permission\\\":false,\\\"square_meters_permission\\\":false,\\\"email_permission\\\":false,\\\"phone_permission\\\":false,\\\"mobile_phone_permission\\\":false,\\\"web_site_permission\\\":false,\\\"company_description_permission\\\":false,\\\"address_permission\\\":false}]', 0, 1),
(225, 5, 24, 0, 79, 'ZUZU', '51.93', 'ahmet@zuzu.dev', '(542) 690-65-09', '(542) 690-65-09', '', '{\\\"left\\\":817,\\\"top\\\":645.59375,\\\"width\\\":56.5625,\\\"height\\\":30,\\\"x\\\":817,\\\"y\\\":645.59375,\\\"right\\\":873.5625,\\\"bottom\\\":675.59375}', 'ZUZU', 'YILDIRIM BEYAZIT MAH. AŞIK VEYSEL BLV. 67/4 TEKNO-5 K2 D79, 38039 Melikgazi/Kayseri', 9469, '2022-03-29 06:02:35', '[{\\\"door_number_permission\\\":false,\\\"square_meters_permission\\\":false,\\\"email_permission\\\":false,\\\"phone_permission\\\":false,\\\"mobile_phone_permission\\\":false,\\\"web_site_permission\\\":false,\\\"company_description_permission\\\":false,\\\"address_permission\\\":false}]', 0, 1),
(226, 1, 1, 0, 33, '', '3333', '', '', '', '', '{\\\"left\\\":404,\\\"top\\\":312.60000610352,\\\"width\\\":63.56666564941406,\\\"height\\\":30,\\\"x\\\":404,\\\"y\\\":312.60000610352,\\\"right\\\":467.56666564941406,\\\"bottom\\\":342.60000610352}', '', 'wewe3443434', 0, '0000-00-00 00:00:00', '[{\\\"door_number_permission\\\":false,\\\"square_meters_permission\\\":false,\\\"email_permission\\\":false,\\\"phone_permission\\\":false,\\\"mobile_phone_permission\\\":false,\\\"web_site_permission\\\":false,\\\"company_description_permission\\\":false,\\\"address_permission\\\":false}]', 1, 1);

--
-- Dumping data for table `wp_stnc_map_floors_locations_off_company`
--

INSERT INTO `wp_stnc_map_floors_locations_off_company` (`id`, `floors_locations_id`, `building_id`, `floor_id`, `door_number`, `company_name`, `square_meters`, `email`, `phone`, `mobile_phone`, `web_site`, `map_location`, `company_description`, `address`, `media_id`, `web_permission`, `is_empty`, `add_date`) VALUES
(239, 5, 1, 2, 11, 'ABİS TEKNOLOJİ', '52.45', 'info@abisteknoloji.com.tr', '+90 (352) 380 00 11', '+90 (352) 380 00 10', 'https://www.abisteknoloji.com.tr/', '{\\\"left\\\":824,\\\"top\\\":295.60003662109375,\\\"width\\\":138.96875,\\\"height\\\":30,\\\"x\\\":824,\\\"y\\\":295.60003662109375,\\\"right\\\":962.96875,\\\"bottom\\\":325.60003662109375}', 'ABİS TEKNOLOJİ LTD.ŞTİ.', 'Erciyes Üniversitesi Teknoloji Geliştirme Bölgesi Tekno-1 Binası Giriş Kat No:11, KAYSERİ', 1, '[{\\\"door_number_permission\\\":false,\\\"square_meters_permission\\\":false,\\\"email_permission\\\":false,\\\"phone_permission\\\":false,\\\"mobile_phone_permission\\\":false,\\\"web_site_permission\\\":false,\\\"company_description_permission\\\":false,\\\"address_permission\\\":false}]', 0, '2022-06-01 03:55:22'),
(240, 226, 1, 1, 33, 'test', '33', '33', '333', '333', '33', '{\"left\":12,\"top\":112,\"width\":82.42500305175781,\"height\":30,\"x\":12,\"y\":112,\"right\":94.42500305175781,\"bottom\":142}', '3333', '33', 0, '', 0, '2022-06-22 05:40:40'),
(241, 226, 1, 1, 33, 'testeeee', '3333', 'selmantunc@gmail.com', '333', 'wewe', 'wewe', '{\"left\":12,\"top\":112,\"width\":82.42500305175781,\"height\":30,\"x\":12,\"y\":112,\"right\":94.42500305175781,\"bottom\":142}', 'wewe', 'wewe', 0, '[{\\\"door_number_permission\\\":false,\\\"square_meters_permission\\\":false,\\\"email_permission\\\":false,\\\"phone_permission\\\":false,\\\"mobile_phone_permission\\\":false,\\\"web_site_permission\\\":false,\\\"company_description_permission\\\":false,\\\"address_permission\\\":false}]', 0, '2022-06-22 05:47:43'),
(242, 226, 1, 1, 33, '56', '3333', '343', '43434343', '343443', '343434', '{\"left\":12,\"top\":112,\"width\":82.42500305175781,\"height\":30,\"x\":12,\"y\":112,\"right\":94.42500305175781,\"bottom\":142}', '34343434', 'wewe3443434', 10287, '[{\\\"door_number_permission\\\":false,\\\"square_meters_permission\\\":false,\\\"email_permission\\\":false,\\\"phone_permission\\\":false,\\\"mobile_phone_permission\\\":false,\\\"web_site_permission\\\":false,\\\"company_description_permission\\\":false,\\\"address_permission\\\":false}]', 0, '2022-06-22 05:48:51'),
(243, 16, 1, 2, 0, 'BAYGAMER', '', '', '', '(539) 258-67-62', 'http://baygamer.com', '{\\\"left\\\":541.5,\\\"top\\\":509.59375,\\\"width\\\":142.5,\\\"height\\\":30,\\\"x\\\":541.5,\\\"y\\\":509.59375,\\\"right\\\":684,\\\"bottom\\\":539.59375}', 'UMUT BAYIR-BAYGAMER', '', 8888, '[{\\\"door_number_permission\\\":false,\\\"square_meters_permission\\\":false,\\\"email_permission\\\":false,\\\"phone_permission\\\":false,\\\"mobile_phone_permission\\\":false,\\\"web_site_permission\\\":false,\\\"company_description_permission\\\":false,\\\"address_permission\\\":false}]', 0, '2023-08-16 07:42:19'),
(244, NULL, NULL, NULL, NULL, NULL, NULL, NULL, NULL, NULL, NULL, NULL, NULL, NULL, NULL, NULL, 0, '2023-08-16 07:42:21'),
(245, 21, 1, 2, 21, 'T5 BİLGİ SİSTEMLERİ', '', '', '', '05336528440', 'https://www.t5-systems.com/', '{\\\"left\\\":402,\\\"top\\\":236.59375,\\\"width\\\":215.1999969482422,\\\"height\\\":30,\\\"x\\\":402,\\\"y\\\":236.59375,\\\"right\\\":617.1999969482422,\\\"bottom\\\":266.59375}', 'ONUR FENAR-T5 BİLGİ SİSTEMLERİ', 'T5 Bilgi Sistemleri - Yenimahalle Aşıkveysel Bulvarı Erciyesi Üniversitesi Teknoloji Geliştirme Bölgesi / İdare Binası ve Kuluçka Merkezi - 1.Binası Dış Kapı No 61 İç Kapı No 21 38039 Melikgazi KAYSERİ / TURKEY', 8884, '[{\\\"door_number_permission\\\":false,\\\"square_meters_permission\\\":false,\\\"email_permission\\\":false,\\\"phone_permission\\\":false,\\\"mobile_phone_permission\\\":false,\\\"web_site_permission\\\":false,\\\"company_description_permission\\\":false,\\\"address_permission\\\":false}]', 0, '2023-08-16 07:42:24'),
(246, 21, 1, 2, 21, '', '', '', '', '', '', '{\\\"left\\\":402,\\\"top\\\":236.59375,\\\"width\\\":215.1999969482422,\\\"height\\\":30,\\\"x\\\":402,\\\"y\\\":236.59375,\\\"right\\\":617.1999969482422,\\\"bottom\\\":266.59375}', '', 'T5 Bilgi Sistemleri - Yenimahalle Aşıkveysel Bulvarı Erciyesi Üniversitesi Teknoloji Geliştirme Bölgesi / İdare Binası ve Kuluçka Merkezi - 1.Binası Dış Kapı No 61 İç Kapı No 21 38039 Melikgazi KAYSERİ / TURKEY', 0, '[{\\\"door_number_permission\\\":false,\\\"square_meters_permission\\\":false,\\\"email_permission\\\":false,\\\"phone_permission\\\":false,\\\"mobile_phone_permission\\\":false,\\\"web_site_permission\\\":false,\\\"company_description_permission\\\":false,\\\"address_permission\\\":false}]', 0, '2023-08-16 07:42:25'),
(247, 21, 1, 2, 21, '', '', '', '', '', '', '{\\\"left\\\":402,\\\"top\\\":236.59375,\\\"width\\\":215.1999969482422,\\\"height\\\":30,\\\"x\\\":402,\\\"y\\\":236.59375,\\\"right\\\":617.1999969482422,\\\"bottom\\\":266.59375}', '', 'T5 Bilgi Sistemleri - Yenimahalle Aşıkveysel Bulvarı Erciyesi Üniversitesi Teknoloji Geliştirme Bölgesi / İdare Binası ve Kuluçka Merkezi - 1.Binası Dış Kapı No 61 İç Kapı No 21 38039 Melikgazi KAYSERİ / TURKEY', 0, '[{\\\"door_number_permission\\\":false,\\\"square_meters_permission\\\":false,\\\"email_permission\\\":false,\\\"phone_permission\\\":false,\\\"mobile_phone_permission\\\":false,\\\"web_site_permission\\\":false,\\\"company_description_permission\\\":false,\\\"address_permission\\\":false}]', 0, '2023-08-16 07:42:30'),
(248, NULL, NULL, NULL, NULL, NULL, NULL, NULL, NULL, NULL, NULL, NULL, NULL, NULL, NULL, NULL, 0, '2023-08-16 07:42:37'),
(249, 21, 1, 2, 21, '', '', '', '', '', '', '{\\\"left\\\":402,\\\"top\\\":236.59375,\\\"width\\\":215.1999969482422,\\\"height\\\":30,\\\"x\\\":402,\\\"y\\\":236.59375,\\\"right\\\":617.1999969482422,\\\"bottom\\\":266.59375}', '', 'T5 Bilgi Sistemleri - Yenimahalle Aşıkveysel Bulvarı Erciyesi Üniversitesi Teknoloji Geliştirme Bölgesi / İdare Binası ve Kuluçka Merkezi - 1.Binası Dış Kapı No 61 İç Kapı No 21 38039 Melikgazi KAYSERİ / TURKEY', 0, '[{\\\"door_number_permission\\\":false,\\\"square_meters_permission\\\":false,\\\"email_permission\\\":false,\\\"phone_permission\\\":false,\\\"mobile_phone_permission\\\":false,\\\"web_site_permission\\\":false,\\\"company_description_permission\\\":false,\\\"address_permission\\\":false}]', 0, '2023-08-16 07:42:39'),
(250, NULL, NULL, NULL, NULL, NULL, NULL, NULL, NULL, NULL, NULL, NULL, NULL, NULL, NULL, NULL, 0, '2023-08-16 07:42:54'),
(251, 14, 1, 2, 18, 'DVC GRUP İNOVASYON', '21.93', 'dvcgrupino@gmail.com', '0532 663 04 49', '', '', '{\\\"left\\\":74,\\\"top\\\":475.60003662109375,\\\"width\\\":192.171875,\\\"height\\\":30,\\\"x\\\":74,\\\"y\\\":475.60003662109375,\\\"right\\\":266.171875,\\\"bottom\\\":505.60003662109375}', '', 'E.Ü.TGB İdare ve Kuluçka, Yıldırım Beyazıt Mah. Aşık Veysel Bulv, 1. Ap No:61/18, 38140 Melikgazi/Kayseri', 9285, '[{\\\"door_number_permission\\\":false,\\\"square_meters_permission\\\":false,\\\"email_permission\\\":false,\\\"phone_permission\\\":false,\\\"mobile_phone_permission\\\":false,\\\"web_site_permission\\\":false,\\\"company_description_permission\\\":false,\\\"address_permission\\\":false}]', 0, '2023-08-16 07:44:00'),
(252, NULL, NULL, NULL, NULL, NULL, NULL, NULL, NULL, NULL, NULL, NULL, NULL, NULL, NULL, NULL, 0, '2023-08-16 07:44:15'),
(253, 21, 1, 2, 21, '', '', '', '', '', '', '{\\\"left\\\":402,\\\"top\\\":236.59375,\\\"width\\\":215.1999969482422,\\\"height\\\":30,\\\"x\\\":402,\\\"y\\\":236.59375,\\\"right\\\":617.1999969482422,\\\"bottom\\\":266.59375}', '', 'T5 Bilgi Sistemleri - Yenimahalle Aşıkveysel Bulvarı Erciyesi Üniversitesi Teknoloji Geliştirme Bölgesi / İdare Binası ve Kuluçka Merkezi - 1.Binası Dış Kapı No 61 İç Kapı No 21 38039 Melikgazi KAYSERİ / TURKEY', 0, '[{\\\"door_number_permission\\\":false,\\\"square_meters_permission\\\":false,\\\"email_permission\\\":false,\\\"phone_permission\\\":false,\\\"mobile_phone_permission\\\":false,\\\"web_site_permission\\\":false,\\\"company_description_permission\\\":false,\\\"address_permission\\\":false}]', 0, '2023-08-16 07:44:17'),
(254, NULL, NULL, NULL, NULL, NULL, NULL, NULL, NULL, NULL, NULL, NULL, NULL, NULL, NULL, NULL, 0, '2023-08-16 07:44:40'),
(255, 73, 2, 9, 1, 'ORASSİST YAZILIM SANAY', '40,60', 'seferhan@orassist.com.tr', '', '(530) 433-66-43', 'http://www.orassist.com.tr', '{\\\"left\\\":579,\\\"top\\\":195.58334350585938,\\\"width\\\":213.9166717529297,\\\"height\\\":30,\\\"x\\\":579,\\\"y\\\":195.58334350585938,\\\"right\\\":792.9166717529297,\\\"bottom\\\":225.58334350585938}', 'ORASSİST YAZILIM SANAYİ VE TİCARET LİMİTED ŞİRKETİ', 'YENİ MAHALLE AŞIK VEYSEL BULVARI E.Ü.T.G.B. İdari bina ve İnkübatör merkezi-2 BİNASI NO:65/1 38039 MELİKGAZİ/ KAYSERİ', 0, '[{\\\"door_number_permission\\\":false,\\\"square_meters_permission\\\":false,\\\"email_permission\\\":false,\\\"phone_permission\\\":false,\\\"mobile_phone_permission\\\":false,\\\"web_site_permission\\\":false,\\\"company_description_permission\\\":false,\\\"address_permission\\\":false}]', 0, '2023-08-17 02:44:38'),
(256, 151, 4, 19, 52, 'SAFE HARBOR', '53.00', '', '', '', '', '{\\\"left\\\":638,\\\"top\\\":243.59375,\\\"width\\\":122.265625,\\\"height\\\":30,\\\"x\\\":638,\\\"y\\\":243.59375,\\\"right\\\":760.265625,\\\"bottom\\\":273.59375}', 'SAFE HARBOR', '', 9285, '[{\\\"door_number_permission\\\":false,\\\"square_meters_permission\\\":false,\\\"email_permission\\\":false,\\\"phone_permission\\\":false,\\\"mobile_phone_permission\\\":false,\\\"web_site_permission\\\":false,\\\"company_description_permission\\\":false,\\\"address_permission\\\":false}]', 0, '2023-08-17 02:45:29'),
(257, 18, 1, 2, 61, 'NANOME NANO', '', 'info@nanome.tech', '', '', '', '{\\\"left\\\":461.96665954589844,\\\"top\\\":759.59375,\\\"width\\\":188.03334045410156,\\\"height\\\":30,\\\"x\\\":461.96665954589844,\\\"y\\\":759.59375,\\\"right\\\":650,\\\"bottom\\\":789.59375}', 'NANOME NANO TEKN.ARGE DAN.SAN.VE TİC.LTD.ŞTİ.', 'Yeni Mh, Erciyes Teknopark-1Melikgazi, Aşık Veysel Blv. No:61/19, 38010 Melikgazi/Kayseri', 8875, '[{\\\"door_number_permission\\\":false,\\\"square_meters_permission\\\":false,\\\"email_permission\\\":false,\\\"phone_permission\\\":false,\\\"mobile_phone_permission\\\":false,\\\"web_site_permission\\\":false,\\\"company_description_permission\\\":false,\\\"address_permission\\\":false}]', 0, '2023-08-17 12:01:07');
COMMIT;

/*!40101 SET CHARACTER_SET_CLIENT=@OLD_CHARACTER_SET_CLIENT */;
/*!40101 SET CHARACTER_SET_RESULTS=@OLD_CHARACTER_SET_RESULTS */;
/*!40101 SET COLLATION_CONNECTION=@OLD_COLLATION_CONNECTION */;
